row_id,kangxi_radical,kangxi_radical_number,name_en,semantic_text
0,一,1,ONE,character: 一. meaning: one.
1,丨,2,LINE,character: 丨. meaning: line.
2,丶,3,DOT,character: 丶. meaning: dot.
3,丿,4,SLASH,character: 丿. meaning: slash.
4,乙,5,SECOND,character: 乙. meaning: second.
5,亅,6,HOOK,character: 亅. meaning: hook.
6,二,7,TWO,character: 二. meaning: two.
7,亠,8,LID,character: 亠. meaning: lid.
8,人,9,MAN (PERSON),character: 人. meaning: man (person).
9,儿,10,LEGS,character: 儿. meaning: legs.
10,入,11,ENTER,character: 入. meaning: enter.
11,八,12,EIGHT,character: 八. meaning: eight.
12,冂,13,DOWN BOX,character: 冂. meaning: down box.
13,冖,14,COVER,character: 冖. meaning: cover.
14,冫,15,ICE,character: 冫. meaning: ice.
15,几,16,TABLE,character: 几. meaning: table.
16,凵,17,OPEN BOX,character: 凵. meaning: open box.
17,刀,18,KNIFE,character: 刀. meaning: knife.
18,力,19,POWER,character: 力. meaning: power.
19,勹,20,WRAP,character: 勹. meaning: wrap.
20,匕,21,SPOON,character: 匕. meaning: spoon.
21,匚,22,RIGHT OPEN BOX,character: 匚. meaning: right open box.
22,匸,23,HIDING ENCLOSURE,character: 匸. meaning: hiding enclosure.
23,十,24,TEN,character: 十. meaning: ten.
24,卜,25,DIVINATION,character: 卜. meaning: divination.
25,卩,26,SEAL,character: 卩. meaning: seal.
26,厂,27,CLIFF,character: 厂. meaning: cliff.
27,厶,28,PRIVATE,character: 厶. meaning: private.
28,又,29,AGAIN,character: 又. meaning: again.
29,口,30,MOUTH,character: 口. meaning: mouth.
30,囗,31,ENCLOSURE,character: 囗. meaning: enclosure.
31,土,32,EARTH,character: 土. meaning: earth.
32,士,33,SCHOLAR,character: 士. meaning: scholar.
33,夂,34,GO,character: 夂. meaning: go.
34,夊,35,GO SLOWLY,character: 夊. meaning: go slowly.
35,夕,36,EVENING,character: 夕. meaning: evening.
36,大,37,BIG,character: 大. meaning: big.
37,女,38,WOMAN,character: 女. meaning: woman.
38,子,39,CHILD,character: 子. meaning: child.
39,宀,40,ROOF,character: 宀. meaning: roof.
40,寸,41,INCH,character: 寸. meaning: inch.
41,小,42,SMALL,character: 小. meaning: small.
42,尢,43,LAME,character: 尢. meaning: lame.
43,尸,44,CORPSE,character: 尸. meaning: corpse.
44,屮,45,SPROUT,character: 屮. meaning: sprout.
45,山,46,MOUNTAIN,character: 山. meaning: mountain.
46,巛,47,RIVER,character: 巛. meaning: river.
47,工,48,WORK,character: 工. meaning: work.
48,己,49,ONESELF,character: 己. meaning: oneself.
49,巾,50,TURBAN,character: 巾. meaning: turban.
50,干,51,DRY,character: 干. meaning: dry.
51,幺,52,SHORT THREAD,character: 幺. meaning: short thread.
52,广,53,DOTTED CLIFF,character: 广. meaning: dotted cliff.
53,廴,54,LONG STRIDE,character: 廴. meaning: long stride.
54,廾,55,TWO HANDS,character: 廾. meaning: two hands.
55,弋,56,SHOOT,character: 弋. meaning: shoot.
56,弓,57,BOW,character: 弓. meaning: bow.
57,彐,58,SNOUT,character: 彐. meaning: snout.
58,彡,59,BRISTLE,character: 彡. meaning: bristle.
59,彳,60,STEP,character: 彳. meaning: step.
60,心,61,HEART,character: 心. meaning: heart.
61,戈,62,HALBERD,character: 戈. meaning: halberd.
62,戶,63,DOOR,character: 戶. meaning: door.
63,手,64,HAND,character: 手. meaning: hand.
64,支,65,BRANCH,character: 支. meaning: branch.
65,攴,66,RAP,character: 攴. meaning: rap.
66,文,67,SCRIPT,character: 文. meaning: script.
67,斗,68,DIPPER,character: 斗. meaning: dipper.
68,斤,69,AXE,character: 斤. meaning: axe.
69,方,70,SQUARE,character: 方. meaning: square.
70,无,71,NOT,character: 无. meaning: not.
71,日,72,SUN,character: 日. meaning: sun.
72,曰,73,SAY,character: 曰. meaning: say.
73,月,74,MOON,character: 月. meaning: moon.
74,木,75,TREE,character: 木. meaning: tree.
75,欠,76,LACK,character: 欠. meaning: lack.
76,止,77,STOP,character: 止. meaning: stop.
77,歹,78,DEATH,character: 歹. meaning: death.
78,殳,79,WEAPON,character: 殳. meaning: weapon.
79,毋,80,DO NOT,character: 毋. meaning: do not.
80,比,81,COMPARE,character: 比. meaning: compare.
81,毛,82,FUR,character: 毛. meaning: fur.
82,氏,83,CLAN,character: 氏. meaning: clan.
83,气,84,STEAM,character: 气. meaning: steam.
84,水,85,WATER,character: 水. meaning: water.
85,火,86,FIRE,character: 火. meaning: fire.
86,爪,87,CLAW,character: 爪. meaning: claw.
87,父,88,FATHER,character: 父. meaning: father.
88,爻,89,DOUBLE X,character: 爻. meaning: double x.
89,爿,90,HALF TREE TRUNK,character: 爿. meaning: half tree trunk.
90,片,91,SLICE,character: 片. meaning: slice.
91,牙,92,FANG,character: 牙. meaning: fang.
92,牛,93,COW,character: 牛. meaning: cow.
93,犬,94,DOG,character: 犬. meaning: dog.
94,玄,95,PROFOUND,character: 玄. meaning: profound.
95,玉,96,JADE,character: 玉. meaning: jade.
96,瓜,97,MELON,character: 瓜. meaning: melon.
97,瓦,98,TILE,character: 瓦. meaning: tile.
98,甘,99,SWEET,character: 甘. meaning: sweet.
99,生,100,LIFE,character: 生. meaning: life.
100,用,101,USE,character: 用. meaning: use.
101,田,102,FIELD,character: 田. meaning: field.
102,疋,103,BOLT OF CLOTH,character: 疋. meaning: bolt of cloth.
103,疒,104,SICKNESS,character: 疒. meaning: sickness.
104,癶,105,DOTTED TENT,character: 癶. meaning: dotted tent.
105,白,106,WHITE,character: 白. meaning: white.
106,皮,107,SKIN,character: 皮. meaning: skin.
107,皿,108,DISH,character: 皿. meaning: dish.
108,目,109,EYE,character: 目. meaning: eye.
109,矛,110,SPEAR,character: 矛. meaning: spear.
110,矢,111,ARROW,character: 矢. meaning: arrow.
111,石,112,STONE,character: 石. meaning: stone.
112,示,113,SPIRIT,character: 示. meaning: spirit.
113,禸,114,TRACK,character: 禸. meaning: track.
114,禾,115,GRAIN,character: 禾. meaning: grain.
115,穴,116,CAVE,character: 穴. meaning: cave.
116,立,117,STAND,character: 立. meaning: stand.
117,竹,118,BAMBOO,character: 竹. meaning: bamboo.
118,米,119,RICE,character: 米. meaning: rice.
119,糸,120,SILK,character: 糸. meaning: silk.
120,缶,121,JAR,character: 缶. meaning: jar.
121,网,122,NET,character: 网. meaning: net.
122,羊,123,SHEEP,character: 羊. meaning: sheep.
123,羽,124,FEATHER,character: 羽. meaning: feather.
124,老,125,OLD,character: 老. meaning: old.
125,而,126,AND,character: 而. meaning: and.
126,耒,127,PLOW,character: 耒. meaning: plow.
127,耳,128,EAR,character: 耳. meaning: ear.
128,聿,129,BRUSH,character: 聿. meaning: brush.
129,肉,130,MEAT,character: 肉. meaning: meat.
130,臣,131,MINISTER,character: 臣. meaning: minister.
131,自,132,SELF,character: 自. meaning: self.
132,至,133,ARRIVE,character: 至. meaning: arrive.
133,臼,134,MORTAR,character: 臼. meaning: mortar.
134,舌,135,TONGUE,character: 舌. meaning: tongue.
135,舛,136,OPPOSE,character: 舛. meaning: oppose.
136,舟,137,BOAT,character: 舟. meaning: boat.
137,艮,138,STOPPING,character: 艮. meaning: stopping.
138,色,139,COLOR,character: 色. meaning: color.
139,艸,140,GRASS,character: 艸. meaning: grass.
140,虍,141,TIGER,character: 虍. meaning: tiger.
141,虫,142,INSECT,character: 虫. meaning: insect.
142,血,143,BLOOD,character: 血. meaning: blood.
143,行,144,WALK ENCLOSURE,character: 行. meaning: walk enclosure.
144,衣,145,CLOTHES,character: 衣. meaning: clothes.
145,襾,146,WEST,character: 襾. meaning: west.
146,見,147,SEE,character: 見. meaning: see.
147,角,148,HORN,character: 角. meaning: horn.
148,言,149,SPEECH,character: 言. meaning: speech.
149,谷,150,VALLEY,character: 谷. meaning: valley.
150,豆,151,BEAN,character: 豆. meaning: bean.
151,豕,152,PIG,character: 豕. meaning: pig.
152,豸,153,BADGER,character: 豸. meaning: badger.
153,貝,154,SHELL,character: 貝. meaning: shell.
154,赤,155,RED,character: 赤. meaning: red.
155,走,156,RUN,character: 走. meaning: run.
156,足,157,FOOT,character: 足. meaning: foot.
157,身,158,BODY,character: 身. meaning: body.
158,車,159,CART,character: 車. meaning: cart.
159,辛,160,BITTER,character: 辛. meaning: bitter.
160,辰,161,MORNING,character: 辰. meaning: morning.
161,辵,162,WALK,character: 辵. meaning: walk.
162,邑,163,CITY,character: 邑. meaning: city.
163,酉,164,WINE,character: 酉. meaning: wine.
164,釆,165,DISTINGUISH,character: 釆. meaning: distinguish.
165,里,166,VILLAGE,character: 里. meaning: village.
166,金,167,GOLD,character: 金. meaning: gold.
167,長,168,LONG,character: 長. meaning: long.
168,門,169,GATE,character: 門. meaning: gate.
169,阜,170,MOUND,character: 阜. meaning: mound.
170,隶,171,SLAVE,character: 隶. meaning: slave.
171,隹,172,SHORT TAILED BIRD,character: 隹. meaning: short tailed bird.
172,雨,173,RAIN,character: 雨. meaning: rain.
173,靑,174,BLUE,character: 靑. meaning: blue.
174,非,175,WRONG,character: 非. meaning: wrong.
175,面,176,FACE,character: 面. meaning: face.
176,革,177,LEATHER,character: 革. meaning: leather.
177,韋,178,TANNED LEATHER,character: 韋. meaning: tanned leather.
178,韭,179,LEEK,character: 韭. meaning: leek.
179,音,180,SOUND,character: 音. meaning: sound.
180,頁,181,LEAF,character: 頁. meaning: leaf.
181,風,182,WIND,character: 風. meaning: wind.
182,飛,183,FLY,character: 飛. meaning: fly.
183,食,184,EAT,character: 食. meaning: eat.
184,首,185,HEAD,character: 首. meaning: head.
185,香,186,FRAGRANT,character: 香. meaning: fragrant.
186,馬,187,HORSE,character: 馬. meaning: horse.
187,骨,188,BONE,character: 骨. meaning: bone.
188,高,189,TALL,character: 高. meaning: tall.
189,髟,190,HAIR,character: 髟. meaning: hair.
190,鬥,191,FIGHT,character: 鬥. meaning: fight.
191,鬯,192,SACRIFICIAL WINE,character: 鬯. meaning: sacrificial wine.
192,鬲,193,CAULDRON,character: 鬲. meaning: cauldron.
193,鬼,194,GHOST,character: 鬼. meaning: ghost.
194,魚,195,FISH,character: 魚. meaning: fish.
195,鳥,196,BIRD,character: 鳥. meaning: bird.
196,鹵,197,SALT,character: 鹵. meaning: salt.
197,鹿,198,DEER,character: 鹿. meaning: deer.
198,麥,199,WHEAT,character: 麥. meaning: wheat.
199,麻,200,HEMP,character: 麻. meaning: hemp.
200,黃,201,YELLOW,character: 黃. meaning: yellow.
201,黍,202,MILLET,character: 黍. meaning: millet.
202,黑,203,BLACK,character: 黑. meaning: black.
203,黹,204,EMBROIDERY,character: 黹. meaning: embroidery.
204,黽,205,FROG,character: 黽. meaning: frog.
205,鼎,206,TRIPOD,character: 鼎. meaning: tripod.
206,鼓,207,DRUM,character: 鼓. meaning: drum.
207,鼠,208,RAT,character: 鼠. meaning: rat.
208,鼻,209,NOSE,character: 鼻. meaning: nose.
209,齊,210,EVEN,character: 齊. meaning: even.
210,齒,211,TOOTH,character: 齒. meaning: tooth.
211,龍,212,DRAGON,character: 龍. meaning: dragon.
212,龜,213,TURTLE,character: 龜. meaning: turtle.
213,龠,214,FLUTE,character: 龠. meaning: flute.
