object_class,space,cluster_id,cluster_size,high_overlap_flag,top_radicals,prototype_labels,prototype_definitions_sample,mean_cosine_to_centroid,max_cosine_to_centroid
radicals,structural,0,212,true,,瓦 | 走 | 舟 | 革 | 見 | 食 | 角 | 黑 | 風 | 韋,TILE | RUN | BOAT | LEATHER | SEE,0.335763,0.660913
radicals,structural,1,1,true,,一,ONE,1.0,1.0
radicals,structural,2,1,true,,口,MOUTH,1.0,1.0
radicals,semantic,0,64,true,,韭 | 己 | 玄 | 子 | 殳 | 鼎 | 生 | 攴 | 鬥 | 身,LEEK | ONESELF | PROFOUND | CHILD | WEAPON,0.790128,0.890895
radicals,semantic,1,84,true,,又 | 丨 | 彐 | 彳 | 曰 | 而 | 乙 | 彡 | 无 | 貝,AGAIN | LINE | SNOUT | STEP | SAY,0.807918,0.889222
radicals,semantic,2,66,true,,牙 | 文 | 魚 | 釆 | 禾 | 戈 | 肉 | 耒 | 舟 | 馬,FANG | SCRIPT | FISH | DISTINGUISH | GRAIN,0.715329,0.864566
characters,structural,0,163,false,"耳(100%), 又(38%), 乙(17%), 攴(15%), 日(7%), 丿(6%), 心(5%), 門(4%)",聨 | 耳 | 聑 | 聮 | 聯 | 聶 | 䎻 | 取 | 聂 | 最,"connect, join; associate, ally | ear; merely, only; handle; Kangxi radical 128 | character: 聑. | connect, join; associate, ally | connect, join; associate, ally",0.663582,0.903439
characters,structural,1,1306,false,"口(100%), 亠(18%), 十(7%), 子(6%), 卜(5%), 小(5%), 刀(5%), 土(4%)",嗩 | 㖁 | 吅 | 哌 | 同 | 后 | 吕 | 哶 | 告 | 呞,"flute-like musical instrument | (non-classical form of 吝) stingy, sparing of; closefisted, to regret, to shame; to insult | character: 吅. | used in translation | same, similar; together with",0.618642,0.962576
characters,structural,2,160,false,"木(100%), 一(100%), 日(17%), 艸(6%), 丿(6%), 口(5%), 儿(4%), 大(3%)",査 | 杖 | 杇 | 朽 | 杻 | 枻 | 枼 | 耒 | 椏 | 柤,"investigate, examine, seek into | cane, walking stick | loquat | decayed, rotten; rot, decay | Ligustrum sinense, tree",0.800408,0.986415
characters,structural,3,637,false,"手(100%), 口(7%), 一(6%), 斤(6%), 田(4%), 丶(4%), 大(4%), 乙(3%)",㩗 | 掱 | 扬 | 㨬 | 掌 | 撑 | 抛 | 抙 | 捜 | 报,"(non-classical form of 攜) to lead by the hand, to conduct to; to take with | pickpocket | scatter, spread; praise | character: 㨬. | palm of hand, sole of foot, paw",0.652298,0.98341
characters,structural,4,125,false,"夕(100%), 口(17%), 网(8%), 冖(8%), 人(7%), 大(6%), 山(6%), 艸(6%)",多 | 㗬 | 㚋 | 哆 | 名 | 罗 | 夢 | 㐴 | 侈 | 奓,"much, many; more than, over | thick lips, to talk slowly | much; many; numerous, great; big; vast | tremble, shiver, shudder, quiver | name, rank, title, position",0.66632,0.963078
characters,structural,5,555,false,"言(100%), 儿(8%), 糸(7%), 口(7%), 厂(7%), 丿(6%), 一(5%), 人(5%)",譶 | 言 | 䛐 | 誛 | 䜝 | 誩 | 調 | 諬 | 謇 | 謍,"character: 譶. | words, speech; speak, say; Kangxi radical 149 | (same as U+8A5E 詞) an expression, words; phrases; a part of speech, tales; stories, a form of poetry | character: 誛. | uncertain",0.648693,0.977871
characters,structural,6,148,false,"欠(66%), 冫(62%), 寸(8%), 示(8%), 爿(7%), 心(5%), 口(5%), 豆(4%)",次 | 羡 | 恣 | 咨 | 資 | 资 | 檨 | 栨 | 栥 | 秶,"order, sequence; next | envy, admire; praise; covet | indulge oneself, unrestrained | inquire, consult, discuss; plan | property; wealth; capital",0.57692,0.973962
characters,structural,7,39,false,"貝(79%), 金(69%), 斤(54%), 刀(8%), 車(8%), 手(5%), 石(5%), 欠(5%)",鑕 | 鋇 | 鐀 | 鑍 | 钡 | 鑜 | 質 | 鍘 | 铡 | 锧,"chopping block, executioner's block | barium (element 56, Ba) | a cupboard; a press; a wardrobe shop-counter | character: 鑍. | barium (element 56, Ba)",0.70449,0.97353
characters,structural,8,114,false,"水(100%), 日(100%), 一(17%), 勹(13%), 艸(10%), 丿(9%), 老(8%), 口(6%)",湜 | 涾 | 沓 | 汨 | 昹 | 昶 | 湷 | 濕 | 淐 | 湿,"transparent, clear | character: 涾. | connected, joined; repeated | Mi(luo) river in Hunan province where Qu Yuan drowned himself; to sink; used (erroneously) for U+6C69 汩 | character: 昹.",0.768555,0.97575
characters,structural,9,756,false,"土(100%), 厶(15%), 人(10%), 月(8%), 寸(7%), 艸(6%), 网(6%), 皿(6%)",堂 | 堖 | 垖 | 報 | 垚 | 垰 | 㘽 | 塄 | 赱 | 埐,"hall; government office | small, head shaped hill, used in place names | character: 垖. | report, tell, announce | mound, roundish mass",0.63613,0.965228
characters,structural,10,707,false,"丿(100%), 心(21%), 小(12%), 水(11%), 勹(11%), 囗(9%), 丶(7%), 刀(7%)",丿 | 刀 | 㦲 | 力 | 镹 | 羑 | 爻 | 爫 | 屯 | 乆,"line; Kangxi radical 4 | knife; old coin; measure | (non-classical form of 哉) a particle expressing surprise, admiration, or grief, an expletive | power, capability, influence; Kangxi radical 19 | character: 镹.",0.602962,0.934178
characters,structural,11,488,false,"山(55%), 田(48%), 刀(6%), 心(6%), 豆(5%), 虍(5%), 釆(5%), 車(4%)",峀 | 岬 | 岫 | 崽 | 嵧 | 嶓 | 崰 | 㠥 | 㠠 | 嵤,"mountain peak; cave, cavern | cape; promontory, headland | mountain peak; cave, cavern | a child, a servant; a diminutive | character: 嵧.",0.489417,0.967091
characters,structural,12,859,false,"水(100%), 一(7%), 艸(7%), 口(6%), 乙(4%), 丶(4%), 白(3%), 大(3%)",㳨 | 溦 | 溙 | 溒 | 㳿 | 澂 | 溑 | 濴 | 㴇 | 㳴,"to splash (of water) | drizzle; (variant) valley; (variant) mold | character: 溙. | character: 溒. | (same as 渫) rolling billows, to get rid of; to scatter, muddy, to ooze",0.654165,0.982504
characters,structural,13,571,false,"丶(100%), 人(42%), 乙(27%), 尸(10%), 心(8%), 口(6%), 土(6%), 艮(5%)",伪 | 今 | 亽 | 仱 | 飠 | 朮 | 临 | 之 | 丶 | 兔,"false, counterfeit, bogus | now, today, modern era | kwukyel | character: 仱. | eat, food; radical number 184",0.625368,0.878857
characters,structural,14,60,false,"音(100%), 心(35%), 儿(23%), 金(7%), 艸(5%), 勹(5%), 口(5%), 欠(5%)",䪯 | 䪭 | 憶 | 意 | 愔 | 䪰 | 竸 | 竟 | 镱 | 鐿,"sound, whisper, to groan; to moan | a kind of musical instrument | remember, reflect upon; memory | thought, idea, opinion; think | comfortable, contented, peaceful",0.685513,0.908882
characters,structural,15,575,false,"糸(100%), 田(8%), 口(8%), 丿(7%), 木(7%), 一(7%), 艸(6%), 网(5%)",萦 | 纂 | 綮 | 绸 | 綅 | 经 | 綂 | 絻 | 絲 | 纟,"entangle, entwine, coil | edit, compile; topknot, chignon | embroidered banner | silk cloth, satin damask | thread",0.642969,0.974129
characters,structural,16,204,false,"八(100%), 厶(64%), 夂(58%), 土(19%), 丿(13%), 凵(13%), 羽(12%), 木(10%)",夋 | 埈 | 梭 | 公 | 悛 | 荾 | 畯 | 浚 | 俊 | 峻,"to dawdle; the emperor Yao's father | high, steep, towering; stern | weaver's shuttle; go to and fro | fair, equitable; public; duke | repent, reform",0.689787,0.936606
characters,structural,17,225,false,"足(59%), 二(42%), 冂(13%), 厶(12%), 月(8%), 犬(6%), 厂(5%), 辵(4%)",趶 | 䠁 | 踲 | 䠪 | 躖 | 䠘 | 踀 | 䟽 | 踂 | 蹇,"character: 趶. | (same as 躋) to go up; to rise; to ascend | character: 踲. | footprints; track, to trample, to walk far and fast | character: 躖.",0.489129,0.932319
characters,structural,18,139,false,"丿(97%), 大(88%), 冂(58%), 口(45%), 丨(14%), 米(12%), 山(5%), 非(4%)",嘺 | 喬 | 噢 | 㕭 | 呑 | 嶠 | 㠐 | 夭 | 镺 | 憍,"(Cant.) coincidental | tall, lofty; proud, stately | moan; interjection for pain, sad | (same as 咬) to bark as a dog, obscene expressions, an interjection; implying surprise | swallow; absorb",0.74881,0.946883
characters,structural,19,241,false,"頁(100%), 口(10%), 匕(9%), 木(7%), 艸(7%), 水(6%), 彡(6%), 止(5%)",頴 | 熲 | 顲 | 頁 | 页 | 頯 | 類 | 颈 | 颐 | 頧,"rice tassel; sharp point; clever | bright | character: 顲. | page, sheet, leaf; Kangxi radical 181 | page, sheet, leaf; rad. no. 181",0.664589,0.972249
characters,structural,20,295,false,"大(53%), 禾(50%), 厶(6%), 心(6%), 刀(5%), 囗(5%), 十(5%), 厂(5%)",秧 | 秵 | 稬 | 䄺 | 秗 | 䅰 | 䅟 | 䅖 | 夨 | 奰,"rice seedlings, young rice plants | character: 秵. | glutinous, sticky | (same as U+7A3A 稚) young and tender; small; delicate; immature, (same as U+7A0A 稊) darnels; tares, grass | character: 秗.",0.491064,0.964714
characters,structural,21,405,false,"口(100%), 一(100%), 戈(25%), 田(14%), 囗(13%), 亠(13%), 日(12%), 丿(10%)",䏸 | 啞 | 兽 | 唔 | 哑 | 哂 | 号 | 㗼 | 吏 | 吜,"fish, eyes of the fishes | dumb, mute; become hoarse | beast, animal; bestial | hold in mouth; bite; (Cant.) not, negation | dumb, mute; become hoarse",0.756022,0.961395
characters,structural,22,329,false,"鳥(100%), 口(7%), 一(7%), 冖(5%), 田(4%), 大(4%), 隹(4%), 日(3%)",莺 | 䳒 | 䳖 | 鷽 | 鶾 | 鶱 | 鶯 | 鶞 | 鴇 | 鴭,"oriole, green finch; Sylvia species (various) | a kind of bird, a hawk; sparrow hawk | flying birds, a kind of bird | oriental bullfinch, weaver bird; Pyrrhula species (various) | character: 鶾.",0.664996,0.983484
characters,structural,23,324,false,"竹(100%), 木(8%), 人(8%), 卩(5%), 一(5%), 丶(4%), 手(4%), 工(4%)",篦 | 䉇 | 算 | 䇫 | 範 | 䈳 | 簱 | 簳 | 簸 | 簆,"fine-toothed comb; comb hair | character: 䉇. | count, calculate, figure; plan | bamboo-splints; laths, to plait, (same as 篦) a comb; especially a fine-toothed one) | pattern, model, rule, law",0.642039,0.979742
characters,structural,24,960,false,"日(100%), 勹(14%), 艸(12%), 木(11%), 老(11%), 大(10%), 人(9%), 十(7%)",晵 | 春 | 是 | 㬤 | 稥 | 晚 | 晩 | 昚 | 晭 | 晶,"character: 晵. | spring; wanton | indeed, yes, right; to be; demonstrative pronoun, this, that | wet clothes not completely dry; to dry in the sun or use sand to dry up on the ground | character: 稥.",0.612716,0.94862
characters,structural,25,592,false,"一(100%), 八(100%), 廾(9%), 屮(8%), 十(8%), 口(7%), 肉(6%), 丿(6%)",兼 | 並 | 䒑 | 兮 | 兹 | 兴 | 具 | 㒷 | 其 | 兵,"unite, combine; connect; and | equal to; side by side; also, what is more; both | (non-classical form of 艸) grass; straw; herbs; weeds | exclamatory particle | now, here; this; time, year",0.729827,0.979785
characters,structural,26,559,false,"人(100%), 一(100%), 口(43%), 木(14%), 刀(13%), 肉(12%), 艸(7%), 丶(6%)",伓 | 大 | 倫 | 俹 | 俭 | 俎 | 侖 | 會 | 佥 | 伾,"character: 伓. | big, great, vast, large, high | normal human relationships | character: 俹. | temperate, frugal, economical",0.758555,0.937823
characters,structural,27,3485,false,"心(8%), 乙(5%), 石(4%), 車(4%), 米(4%), 目(4%), 辵(4%), 犬(4%)",慩 | 㦁 | 恽 | 惲 | 忚 | 忔 | 忆 | 忬 | 忰 | 懵,"character: 慩. | to sob; to weep, to pay attention, to be careful; to take care; to exercise caution | devise, plan, deliberate; consult | devise, plan, deliberate; consult | character: 忚.",0.146251,0.415769
characters,structural,28,229,false,"十(100%), 丨(100%), 一(99%), 八(53%), 日(44%), 口(17%), 田(14%), 己(11%)",晎 | 共 | 龷 | 昔 | 哄 | 曝 | 暴 | 兾 | 黄 | 異,"character: 晎. | together with, all, total; to share | character: 龷. | formerly; ancient; in beginning | coax; beguile, cheat, deceive",0.798143,0.939065
characters,structural,29,619,false,"金(100%), 口(10%), 丶(4%), 田(4%), 刀(4%), 艸(3%), 丿(3%), 宀(3%)",蓥 | 鐵 | 䤱 | 锎 | 锍 | 鋶 | 鑁 | 鑙 | 鑫 | 銽,"polish | iron (element 26, Fe); strong, solid, firm | (ancient form of 誓) a solemn pledge; a vow; an oath | caesium/cesium (element 55, Cs) | matte, a crude mixture of sulfides formed in smelting sulfide ores",0.665814,0.983779
characters,structural,30,428,false,"虫(100%), 口(7%), 一(5%), 日(4%), 木(4%), 丶(4%), 丿(3%), 人(3%)",蜵 | 蝅 | 䖿 | 蠫 | 䖵 | 蠧 | 蝋 | 䖰 | 䗙 | 蟿,character: 蜵. | character: 蝅. | (same as 蜊) a kind of clam with thick white shells | character: 蠫. | insects,0.659887,0.985161
characters,structural,31,691,false,"女(100%), 口(9%), 一(8%), 禾(7%), 宀(7%), 日(6%), 艸(6%), 爪(5%)",姦 | 媲 | 嬍 | 媴 | 㛑 | 姊 | 嬽 | 㚸 | 姜 | 媺,"adultery, debauchery; debauch | marry off, pair, match; compare | character: 嬍. | character: 媴. | three women, beautiful things",0.63567,0.973761
characters,structural,32,474,false,"貝(100%), 土(11%), 十(10%), 木(9%), 网(7%), 儿(7%), 廾(7%), 人(6%)",寶 | 䝺 | 赑 | 赏 | 負 | 䞆 | 䞊 | 赛 | 賮 | 贵,"treasure, jewel; precious, rare | (non-classical form of 貫) to pierce through | strong | reward, grant, bestow; appreciate | load, burden; carry, bear",0.636491,0.963745
characters,structural,33,496,true,"玉(100%), 口(9%), 人(8%), 白(8%), 木(5%), 匚(4%), 水(4%), 一(3%)",珮 | 㺿 | 琐 | 㺸 | 琉 | 琁 | 瑩 | 瑙 | 琱 | 聖,"jade ornament | a jade-like stone, a kind of jade | trifling, petty; troublesome | a kind of jade | sparkling stone; glazed, opaque",0.650374,0.978694
characters,structural,34,1411,false,"木(100%), 口(10%), 人(8%), 艸(7%), 水(6%), 門(4%), 丿(3%), 丶(3%)",梀 | 枾 | 柌 | 柹 | 栜 | 株 | 㮪 | 桊 | 枺 | 桘,character: 梀. | persimmon | character: 柌. | persimmon | character: 栜.,0.650093,0.978873
characters,structural,35,249,false,"衣(100%), 木(6%), 口(6%), 一(5%), 人(4%), 大(4%), 日(4%), 丶(3%)",裯 | 褰 | 裁 | 褟 | 䙉 | 裃 | 䘲 | 裗 | 褤 | 裊,"coverlet; bedspread | underclothing; to pick up one's skirts | cut out; decrease | inner shirt or singlet | clothes, the central suture; seams on the back (said of clothes)",0.666626,0.984367
characters,structural,36,794,false,"艸(100%), 口(14%), 一(7%), 人(5%), 大(5%), 丶(4%), 冖(4%), 勹(4%)",䓐 | 䒒 | 葘 | 䒮 | 荣 | 荥 | 䒻 | 薫 | 薧 | 薤,"name of a variety of grass | (same as 芀) name of a plant (much used for making brooms); a reed | character: 葘. | character: 䒮. | glory, honor; flourish, prosper",0.634863,0.974122
characters,structural,37,140,false,"十(100%), 丿(86%), 白(58%), 臼(13%), 大(13%), 口(6%), 匕(4%), 禾(4%)",卑 | 千 | 啤 | 稗 | 渒 | 椑 | 庳 | 錍 | 俾 | 萆,"humble, low, inferior; despise | thousand; many, numerous; very; (Cant.) a cheater, swindler | beer | darnels, weeds, tares small | character: 渒.",0.751924,0.963496
characters,structural,38,255,false,"广(100%), 廾(16%), 人(13%), 火(12%), 土(10%), 黃(8%), 木(7%), 隹(6%)",廏 | 㢘 | 庸 | 广 | 㢂 | 庂 | 傭 | 圹 | 墉 | 庄,"stable; barnyard | (non-classical form) (a variant of 廉) pure, modest, incorrupt, not avaricious--thus: reasonable in price | usual, common, ordinary, mediocre | wide, extensive, broad; rad. 53 | (terrains) of highly strategic; precipitous (hill, etc. a big mound; (same as 㢈) a collapsed house, to hit, to catch som",0.621938,0.94702
characters,structural,39,79,false,"丶(100%), 又(100%), 虫(20%), 水(5%), 手(5%), 艸(5%), 金(5%), 魚(5%)",㕚 | 瞂 | 犮 | 叉 | 蚤 | 蛂 | 茇 | 沷 | 汊 | 拔,"(ancient form of 爪) claws of birds or animals, feet, to scratch, to claw, to grasp | character: 瞂. | to pull up | crotch; fork, prong | flea; louse",0.812683,0.98317
characters,structural,40,322,false,"肉(100%), 月(14%), 口(5%), 山(5%), 一(4%), 十(4%), 丶(3%), 大(3%)",肉 | 䏨 | 䐅 | 脕 | 膓 | 脗 | 滕 | 膍 | 肠 | 脜,"flesh; meat; Kangxi radical 130 | to swell up greatly, to swell; a swelling; a boil | the buttocks; the bottom; the rump, to groan; to moan | character: 脕. | intestines; emotions; sausage",0.662954,0.978583
characters,structural,41,152,false,"宀(100%), 一(97%), 亅(27%), 儿(22%), 貝(19%), 日(14%), 人(12%), 白(9%)",㝉 | 㝍 | 㝞 | 宜 | 寧 | 宁 | 完 | 贮 | 賓 | 宣,"(same as 宁) space between the throne and the retiring room behind it, to store up; to save up, peaceful, used as a term  | (simplified form of 寫) to write; to draw | pretend to be delicate and beautiful, to hang or be hanged, to be in suspension; unfounded | suitable, right, fitting, proper | repose, serenity, peace; peaceful",0.750036,0.946792
characters,structural,42,690,false,"火(100%), 口(9%), 一(8%), 隹(7%), 禾(7%), 艸(5%), 日(5%), 十(4%)",燚 | 烖 | 烏 | 烉 | 烃 | 炼 | 炙 | 炏 | 㷺 | 㶫,"used in people's names | calamities from Heaven, as floods, famines, pestilence, etc.; misery | crow, rook, raven; black, dark | shining, brilliant, lustrous | hydrocarbon",0.64306,0.975095
characters,structural,43,248,false,"丨(100%), 二(100%), 一(74%), 夂(23%), 刀(21%), 八(15%), 辵(11%), 大(9%)",丰 | 聿 | 夆 | 䏺 | 㓞 | 羊 | 举 | 彗 | 㷯 | 芈,"abundant, lush, bountiful, plenty | writing brush, pencil; thereupon; Kangxi radical 129 | resist | to swell; swelling | to engrave, (interchangeable with U+5951 契) a written contract or agreement",0.755931,0.95551
characters,structural,44,59,false,"夕(100%), 卩(100%), 宀(66%), 心(8%), 鳥(8%), 虫(5%), 艸(5%), 巾(3%)",宛 | 夘 | 夗 | 卶 | 惌 | 惋 | 鵷 | 鹓 | 菀 | 䗕,"seem, as if, crooked | fourth earthly branch | to turn over when asleep | character: 卶. | to bear a grudge against",0.827381,0.977098
characters,structural,45,36,false,"士(100%), 乙(100%), 工(100%), 一(100%), 口(100%), 寸(100%), 火(8%), 心(6%)",嚋 | 壽 | 燾 | 燽 | 㦞 | 璹 | 懤 | 躊 | 醻 | 軇,"character: 嚋. | old age, long life; lifespan | shine, illuminate; cover, envelope | character: 燽. | (same as 懤) grieved; pained; in deep grief; to lament deeply",0.93091,0.997119
characters,structural,46,860,false,"人(100%), 丿(12%), 丨(11%), 彡(10%), 口(8%), 羽(7%), 亠(5%), 大(5%)",㠩 | 㒏 | 从 | 㑓 | 僌 | 倜 | 㑙 | 佩 | 㑎 | 偱,"(same as 芒 荒) vast, to reach, dwell, to neglect; to leave completely unattended to | character: 㒏. | from, by, since, whence, through | character: 㑓. | character: 僌.",0.623078,0.964499
characters,structural,47,212,false,"八(100%), 口(100%), 冂(45%), 亠(25%), 儿(24%), 十(16%), 矛(12%), 山(9%)",冏 | 㕣 | 㖒 | 唺 | 只 | 叭 | 呮 | 噌 | 商 | 袞,"(archaic form of U+70AF 炯) light, bright | a marsh at the foot of the hills, (interchangeable 湢 沇) name of a river | (non-classical form of 啼) to cry; to mourn; to howl, to twitter; to crow, to sneeze; a running at the nose | character: 唺. | only, just, simply",0.741161,0.912529
characters,structural,48,118,false,"金(100%), 一(100%), 八(27%), 日(9%), 亅(8%), 口(8%), 廾(6%), 儿(5%)",錏 | 釫 | 鈣 | 铔 | 鉏 | 鉟 | 鉪 | 鈕 | 鏎 | 钙,"soft steel; ammonium | character: 釫. | calcium (Ca) | soft steel; ammonium | hoe; eradicate, eliminate",0.783424,0.970298
characters,structural,49,313,false,"人(100%), 二(100%), 八(46%), 丿(13%), 一(11%), 口(10%), 卩(10%), 廾(8%)",龹 | 夹 | 侠 | 夫 | 伕 | 仁 | 㚘 | 㐵 | 菐 | 僕,"character: 龹. | be wedged or inserted between | chivalrous person; knight-errant | man, male adult, husband; those | common laborer",0.740888,0.934364
characters,structural,50,278,true,"馬(100%), 口(8%), 一(6%), 丶(5%), 木(5%), 人(5%), 亠(4%), 大(4%)",騳 | 驫 | 䮉 | 騒 | 駸 | 騫 | 騆 | 驿 | 駂 | 䮸,"run, race | horses | horses kept at a courier station in former times | harass, bother, annoy, disturb | galloping; speeding",0.667402,0.981383
characters,structural,51,305,false,"又(69%), 隹(55%), 艸(11%), 目(11%), 丨(6%), 臼(6%), 心(5%), 冖(4%)",雙 | 隻 | 䨇 | 难 | 蒦 | 矍 | 䂄 | 愯 | 瘫 | 䨥,"set of two, pair, couple; both | single, one of pair, lone; measure word | (same as 雙) a pair; a couple; a brace, two; both | difficult, arduous, hard; unable | to measure; to calculate",0.564185,0.963146
characters,structural,52,270,false,"一(100%), 亅(100%), 口(60%), 大(22%), 彳(14%), 亠(6%), 水(6%), 冖(5%)",可 | 叮 | 呵 | 哥 | 丁 | 争 | 亍 | 㚡 | 䐀 | 奇,"may, can, -able; possibly | exhort or enjoin repeatedly | scold; laughing sound; yawn | elder brother | male adult; robust, vigorous; 4th heavenly stem",0.770492,0.956681
characters,structural,53,309,false,"巾(100%), 一(39%), 八(36%), 冖(24%), 爻(14%), 亠(11%), 攴(11%), 彐(6%)",㡘 | 黹 | 帺 | 㡢 | 㡙 | 布 | 㡪 | 巾 | 㡒 | 㡈,"screens; cloth partition; door curtain; door flap, (same as 縑) a kind of fine silk, downy, feathery; featheriness | embroidery, needlework; Kangxi radical 204 | character: 帺. | (a variant of 幔) a curtain, a screen | curtain for carriage",0.643091,0.852636
characters,structural,54,119,false,"口(100%), 貝(68%), 竹(34%), 力(7%), 十(6%), 厶(5%), 夂(5%), 土(5%)",㘔 | 嘳 | 呗 | 賳 | 员 | 唄 | 員 | 篔 | 筼 | 勋,"eat, to bite, to gnaw, (a dialect) usually at the end of a sentence; tone (of one's speech) | character: 嘳. | final particle of assertion | character: 賳. | member; personnel, staff member",0.722005,0.934172
characters,structural,55,371,false,"魚(100%), 日(12%), 口(7%), 一(6%), 木(5%), 田(4%), 羊(4%), 刀(4%)",鯍 | 鰮 | 鯛 | 鯬 | 鲷 | 鱌 | 鮿 | 鰨 | 鮼 | 鮸,"character: 鯍. | sardine | Pagrosomus major, porgy | character: 鯬. | Pagrosomus major, porgy",0.653412,0.977301
characters,structural,56,982,false,"一(100%), 日(19%), 儿(17%), 丿(14%), 土(8%), 田(6%), 大(5%), 心(5%)",亏 | 五 | 亐 | 亞 | 豕 | 䏣 | 二 | 西 | 乌 | 丵,"lose, fail; damage; deficient | five; surname | character: 亐. | Asia; second; used as a prefix to names | a pig, boar; Kangxi radical 152",0.622853,0.943555
characters,structural,57,168,false,"月(100%), 丶(86%), 十(80%), 口(30%), 寸(27%), 几(13%), 亠(13%), 艸(11%)",甫 | 喸 | 哺 | 博 | 尃 | 㗘 | 莆 | 浦 | 蒪 | 铺,"begin; man, father; great; a distance of ten li | place name | chew food; feed | gamble, play games; wide, broad | to state to, to announce",0.753592,0.948243
characters,structural,58,447,false,"八(100%), 亠(25%), 亅(18%), 刀(17%), 冖(13%), 酉(13%), 彐(11%), 日(9%)",曾 | 丷 | 睿 | 弟 | 八 | 䐌 | 䦇 | 典 | 㐮 | 六,"already; sign of past | “ears-out” component used in some Chinese characters (e.g. U+5151 兑); archaic form of U+516B 八; kwukyel, an archaic hanj | shrewd, astute, clever, keen | young brother; junior; I, me | eight; all around, all sides",0.592881,0.900454
characters,structural,59,263,false,"口(100%), 丨(100%), 一(78%), 示(21%), 木(13%), 土(12%), 广(11%), 女(9%)",甴 | 鬲 | 覀 | 票 | 嘌 | 㗚 | 栗 | 䙵 | 堙 | 㖶,"(Cant.) cockroach | type of caldron with three hollow legs; name of a state; Kangxi radical 193 | variant of Kangxi radical 146 | slip of paper or bamboo; ticket | fast, speedy",0.773407,0.970004
characters,semantic,0,6914,false,"一(16%), 口(14%), 人(11%), 木(10%), 艸(8%), 八(8%), 水(7%), 日(7%)",㐃 | 茽 | 茻 | 茰 | 茮 | 茪 | 茥 | 茤 | 茡 | 茟,character: 㐃. | character: 茽. | character: 茻. | character: 茰. | character: 茮.,0.99973,1.0
characters,semantic,1,239,false,"手(41%), 一(21%), 口(16%), 日(9%), 八(8%), 木(8%), 人(8%), 丿(7%)",㨋 | 㪃 | 㪮 | 擜 | 㨏 | 㪧 | 㨂 | 㩬 | 㩵 | 㩋,to beat; to strike; to attach | to thump; to beat; to strike; to attack | to beat; to attack; to strike | to beat; to strike; to attack | to beat; to strike; to attack,0.820305,0.953207
characters,semantic,2,372,false,"金(36%), 木(20%), 一(19%), 口(14%), 人(12%), 日(8%), 丿(8%), 八(7%)",㔁 | 钂 | 㭭 | 鑚 | 㭏 | 椲 | 鏦 | 鍤 | 锸 | 㮗,"a kind of tool; a hook; a barb; a sickle | an ancient weapon resembling a pitchfork | a kind of tree, a harrow; a drag, a written contract or agreement; a bond; a deed, handles of spears or lances used in a | drill, bore; pierce; diamond | (simplified form of 椲) a kind of wood (used as a kind of material to make basin and bowl, etc.); (same as 楎) a peg for h",0.778582,0.892552
characters,semantic,3,390,false,"艸(70%), 一(14%), 木(14%), 口(12%), 人(7%), 丿(7%), 八(6%), 禾(6%)",䓘 | 䒜 | 莛 | 楙 | 䓶 | 䔰 | 䕳 | 䓣 | 䓢 | 䕶,"a kind of plant, name of a variety of grass | name of a variety of grass, a kind of herb | stalks of grasses, etc. | name of plant; lush | (same as 藾) a kind of plant; a kind of herb",0.803713,0.958445
characters,semantic,4,252,false,"髟(28%), 頁(27%), 一(15%), 口(11%), 八(11%), 毛(10%), 人(10%), 丿(8%)",㲟 | 䯹 | 䯻 | 㛲 | 髴 | 毛 | 䯲 | 髽 | 髪 | 䯿,"hair | hair | dressed hair | (same as 髮) the hair on the human head, hairbreadth; hair's-breadth | disheveled hair; similar to",0.80152,0.912409
characters,semantic,5,414,false,"一(20%), 手(15%), 口(13%), 人(11%), 八(7%), 丿(7%), 十(7%), 土(7%)",㨊 | 尅 | 戢 | 揮 | 勦 | 甪 | 殱 | 㱰 | 歼 | 䜏,"to discard; to reject; to abandon, to feel; to stroke, to sort out the divining stalks, to drop; to lose; to fall off, t | subdue, destroy, overcome | to put away; to cease; store up | direct; wipe away; squander | destroy, exterminate, annihilate",0.772955,0.886638
characters,semantic,6,302,false,"金(64%), 口(21%), 一(18%), 八(7%), 石(7%), 气(7%), 人(7%), 丿(5%)",䤲 | 䂣 | 钌 | 釕 | 钷 | 鉕 | 礞 | 鋱 | 铽 | 铼,"chemical element; (鍶) old translation; Sr | a kind of mineral | ruthenium (element 44, Ru) | ruthenium (element 44, Ru) | promethium (element 61, Pm)",0.692782,0.852745
characters,semantic,7,293,false,"目(59%), 一(17%), 見(16%), 口(13%), 人(8%), 日(8%), 八(7%), 丶(6%)",睼 | 睄 | 怐 | 矖 | 瞵 | 偢 | 䀸 | 䀿 | 䁎 | 䁯,to gaze at | (Cant.) to glance | (Cant.) 怐豆 to stare | to stare at | to stare at,0.842212,0.955735
characters,semantic,8,427,false,"口(56%), 一(14%), 言(11%), 日(7%), 人(6%), 八(6%), 耳(5%), 丶(5%)",唅 | 䪯 | 㕧 | 嚱 | 咾 | 嚆 | 嗁 | 㖪 | 㘀 | 䛁,"a sound; to put in the mouth; (Cant.) to grunt, grumble | sound, whisper, to groan; to moan | used to represent sound; to hum; to groan | a shrill noise; alas! | a noise; a sound",0.820737,0.946279
characters,semantic,9,402,false,"土(17%), 木(17%), 一(15%), 門(14%), 口(13%), 广(12%), 人(9%), 丶(6%)",㢅 | 闑 | 闈 | 闱 | 闼 | 闥 | 䧋 | 喥 | 閌 | 闶,"a shield; a screen, a tall building; an edifice, (same as 弄) an alley; a lane | the doorsill | gate, door; living quarters | gate, door; living quarters | door; gate",0.753849,0.882433
characters,semantic,10,273,false,"水(74%), 一(16%), 土(11%), 口(11%), 人(10%), 木(8%), 日(8%), 八(6%)",㳪 | 㳦 | 漍 | 㳸 | 㳵 | 㳖 | 㴪 | 㵑 | 沘 | 㵂,a river | a river | a river | name of a river | name of a river,0.818168,0.94641
characters,semantic,11,176,false,"糸(69%), 一(18%), 口(12%), 八(9%), 毛(9%), 巾(8%), 木(8%), 日(7%)",綐 | 䌼 | 䋷 | 䌆 | 䋦 | 綃 | 紽 | 缍 | 綞 | 缣,"a kind of fine silk fabric | a kind of fine silk fabric | a kind of thick, loosely-woven raw silk fabric | silk fabrics | ravelled silk",0.846069,0.967227
characters,semantic,12,395,false,"一(21%), 口(15%), 人(12%), 八(10%), 土(9%), 日(7%), 木(7%), 亠(6%)",尭 | 堯 | 氓 | 䆐 | 䄢 | 䑑 | 㕜 | 䧙 | 祏 | 姺,"a legendary ancient emperor-sage | a legendary ancient emperor-sage | people; subjects; vassals | (ancient form of 國) a country; a nation; a kingdom; a state | (same as 齋) pious; respectful; chaste; pure, to abstain from meat, wine, etc., to fast, (same as 齊) equal; uniform, name",0.743376,0.884524
characters,semantic,13,404,false,"手(48%), 一(16%), 口(14%), 人(10%), 丿(8%), 木(6%), 八(6%), 足(6%)",㨮 | 㪼 | 摵 | 捦 | 㩳 | 攋 | 捽 | 掅 | 撍 | 妠,"to lift up; to take in the hand, to control, to open; (Cant.) to seize, grasp | to pull; to drag; to hinder; to snatch away | (Cant.) to pull, lift up | to seize; to clutch; to arrest; to capture; (Cant.) to climb | to hold; to grasp, to detain, to uphold, to push, to stand upright; expel, to shirk, to raise up",0.78463,0.922377
characters,semantic,14,381,false,"土(26%), 石(20%), 一(16%), 口(14%), 木(9%), 穴(8%), 田(7%), 八(6%)",磥 | 㿨 | 䂼 | 䂽 | 䃯 | 䂪 | 㢂 | 㧂 | 坜 | 䥟,"a heap of stones; boulders | (same as 皪) small stones, gravel, shingle | (a kind of) rocks; stones | (a kind of) rocks; stones | (abbreviated form of 礫) small stones; pebble; gravel; shingle",0.777779,0.911601
characters,semantic,15,328,false,"心(44%), 口(21%), 一(13%), 人(9%), 丿(8%), 八(7%), 疒(6%), 丶(6%)",慘 | 哀 | 惆 | 㿊 | 悒 | 㐫 | 㗤 | 怛 | 惻 | 㜇,"sad, pitiful, wretched; cruel | sad, mournful, pitiful; pity | distressed, regretful, sad | very painful; agonizing (same as 憯) sad; sorrowful; grieved | sorrowful, depressed, unhappy",0.845818,0.93996
characters,semantic,16,247,false,"風(28%), 雨(17%), 一(16%), 口(13%), 水(11%), 日(10%), 羽(9%), 八(7%)",飕 | 颾 | 䬛 | 䬞 | 䬃 | 䬏 | 䬀 | 飗 | 飀 | 飌,"sound of wind; blow chilly | blowing of the wind | the roaring of the wind, cold wind | wind; storm, sound of the wind | (same as 颯) the sound of wind, a gust; suddenly",0.792311,0.913328
characters,semantic,17,257,false,"口(42%), 一(22%), 齒(21%), 耳(8%), 人(7%), 刀(6%), 丿(5%), 頁(5%)",㖞 | 噆 | 㱉 | 㳄 | 噉 | 齚 | 齩 | 䶠 | 䶡 | 骾,"(simplified form of 喎) a wry mouth | to hold in the mouth; to bite | moving of the mouth | (a variant of 涎) spittle, saliva | bite, chew; (Cant.) like this, in this way",0.81418,0.926625
characters,semantic,18,399,false,"一(16%), 山(12%), 人(11%), 丿(9%), 口(9%), 水(8%), 大(6%), 日(6%)",弉 | 灝 | 㕅 | 㑨 | 宏 | 濊 | 嵳 | 大 | 偉 | 嵯,"large, powerful, stout, thick | vast, large, grand, expansive | big; extremely; great; vast; extensive; tall | great; big; tall; vast, noble; high in rank, very; much | wide, spacious, great, vast",0.79803,0.942647
characters,semantic,19,383,false,"犬(23%), 牛(18%), 一(15%), 口(14%), 豕(8%), 羊(8%), 丿(8%), 八(7%)",㺘 | 䝣 | 㹼 | 䮠 | 䴣 | 犺 | 亃 | 狌 | 㸳 | 狢,a kind of animal | a kind of animal | a kind of animal | a kind of animal | a kind of animal,0.801973,0.953114
characters,semantic,20,733,false,"口(16%), 一(16%), 人(13%), 手(11%), 言(10%), 心(9%), 丿(8%), 八(7%)",㧫 | 㧐 | 䦍 | 㪋 | 㩉 | 㧃 | 䛷 | 䝯 | 㦻 | 㗖,"to hold; to grasp, to maintain; to keep, a post, to lead on, (same as 擩) to rub, to crumble by hand, to massage; mixed-u | (simplified form of 㩳) to hold; to grasp, to detain, to uphold, to push, to stand upright | to include; to embrace, to search for, intransigent; stubborn; obstinate | (same as 扞, 捍) to resist; to oppose; to obstruct, to defend; to guard; to ward off, (same as 㪃) to thump; to beat; to st | (same as 搨) to take a rubbing of an inscription on stone, etc., (same as 拉) to pull; to drag; to hold, to beat; to strik",0.822908,0.928543
characters,semantic,21,155,false,"米(35%), 禾(27%), 一(17%), 食(13%), 田(9%), 八(9%), 丿(8%), 日(8%)",穜 | 穋 | 稑 | 䅋 | 䄿 | 䊫 | 䊄 | 䊘 | 糁 | 䊔,rice | rice | rice | a kind of grain; sweet and round rice | a kind of rice plant,0.854567,0.956537
characters,semantic,22,222,false,"山(68%), 一(18%), 口(16%), 土(11%), 阜(9%), 八(8%), 丶(7%), 人(6%)",㠑 | 㟆 | 㠓 | 㟦 | 㟊 | 㟈 | 㠦 | 㟄 | 㟀 | 㞻,"high, rugged mountain | name of a mountain | name of a mountain | name of a mountain | name of a mountain",0.855882,0.957611
characters,semantic,23,344,false,"水(75%), 一(15%), 口(10%), 雨(9%), 人(8%), 日(7%), 八(6%), 丿(6%)",㵱 | 洊 | 溻 | 㳜 | 㫠 | 㴋 | 㳚 | 溌 | 㳨 | 溚,flowing water | flowing water | wet | the flowing water | a kind of water,0.817844,0.940239
characters,semantic,24,144,false,"酉(56%), 口(15%), 一(14%), 丶(7%), 八(7%), 人(6%), 十(6%), 丿(6%)",䣥 | 醽 | 醾 | 醿 | 䤑 | 醖 | 䭨 | 㿿 | 㐩 | 䤖,a kind of wine | kind of wine | a kind of liquor | a kind of liquor | wine,0.808111,0.943625
characters,semantic,25,356,false,"魚(71%), 一(19%), 口(12%), 八(10%), 虫(10%), 日(9%), 丿(7%), 十(5%)",䱞 | 䲐 | 䲂 | 鰔 | 䲀 | 䱿 | 䱲 | 䱬 | 䲏 | 䱚,a kind of fish | a kind of fish | a kind of fish | a kind of fish | a kind of fish,0.812639,0.968157
characters,semantic,26,220,false,"瓦(23%), 一(20%), 木(15%), 口(14%), 八(13%), 缶(12%), 金(10%), 皿(10%)",㼵 | 㼝 | 㽈 | 㼴 | 䉗 | 䍌 | 罉 | 㿼 | 㼡 | 罆,"a small basin; a bowl. a cup; a pot; a jar | (same as 盌) (a variant of 碗) a bowl; a basin; a cup; a dish | a large earthenware jar with a small mouth and two or four ears; a big pot; bottle; pitcher; jug; vase | an earthen vessel; a basin; a pot; a jar | a receptacle or container, as a cup, ladle, spoon, etc.",0.765837,0.92584
characters,semantic,27,379,false,"衣(37%), 一(16%), 糸(15%), 口(13%), 人(12%), 巾(12%), 丿(8%), 亠(8%)",䙇 | 襭 | 䠵 | 䊿 | 䙩 | 袽 | 䙙 | 䙣 | 㠸 | 裌,"clothes of coarse fabric, seams; a fold; pleat of a garment, shirt; jacket | tuck up hem of garment and wrap | to wear clothes | (same as 衭) the lapel or collar of a garment or robe, drawers, (dialect) trousers or pants | clothes",0.789761,0.922095
characters,semantic,28,592,false,"一(19%), 口(16%), 心(15%), 女(14%), 人(12%), 日(9%), 八(9%), 大(7%)",淑 | 愉 | 㷩 | 禕 | 恔 | 䘗 | 豓 | 娬 | 烉 | 麗,"good, pure, virtuous, charming | pleasant, delightful; please | (a variant of 熙) bright, splendid. Intelligent, prosperous | excellent, rare; beautiful, fine | cheerful; bright, sagacious",0.821006,0.936238
characters,semantic,29,330,false,"貝(33%), 人(19%), 一(17%), 口(16%), 示(10%), 八(9%), 丶(7%), 十(7%)",䞈 | 㬸 | 㒲 | 䝭 | 䝩 | 䝵 | 䞃 | 軷 | 朓 | 礿,"(ancient form of 貨) money; wealth, natural endowment or gifts, to aid or help, to gamble; to bet, to compete | a kind of services or ceremonies of offering sacrifices | (a variant of 財) wealth; property; valuables, bribes | wages; salary, to redeem; to ransom | (same as 賑) to relieve or give aid to the distressed; to support, rich; wealthy",0.773686,0.898425
characters,semantic,30,148,false,"一(18%), 丿(13%), 丨(9%), 八(7%), 口(5%), 土(4%), 冂(3%), 亠(3%)",覀 | 曰 | 讠 | 襾 | 玄 | 冂 | 冖 | 彐 | 韭 | 釆,"variant of Kangxi radical 146 | say; Kangxi radical 73 | simplified Kangxi radical 149 | cover; Kangxi radical 146 | deep, profound, abstruse; Kangxi radical 95",0.824146,0.943623
characters,semantic,31,388,false,"足(24%), 一(16%), 辵(14%), 口(13%), 走(12%), 人(10%), 彳(8%), 丿(8%)",䞯 | 跞 | 躒 | 䟛 | 趖 | 䠈 | 䠠 | 䢌 | 㣞 | 㣜,"to walk, to move quickly; to run; to hurry, to reach the time-limit; to mature | walk, move | walk, move | walking rapidly; in a hurry, to stride over; to step across | to walk, go",0.818366,0.922318
characters,semantic,32,268,false,"口(19%), 女(19%), 一(17%), 人(14%), 邑(12%), 土(9%), 丿(6%), 丨(6%)",軤 | 撖 | 禢 | 侴 | 篯 | 寪 | 嫘 | 傼 | 凊 | 籛,surname | surname | surname | surname | surname,0.866723,0.965293
characters,semantic,33,693,false,"人(18%), 一(18%), 口(16%), 言(14%), 八(8%), 木(7%), 日(6%), 丿(6%)",詞 | 識 | 词 | 啥 | 叙 | 語 | 辭 | 岂 | 聘 | 詮,"words; phrase, expression | recognize, understand, know | words; phrase, expression | what? | express, state, relate, narrate",0.716944,0.884699
characters,semantic,34,330,false,"口(16%), 一(15%), 人(14%), 日(13%), 丿(10%), 辵(9%), 八(7%), 水(6%)",悜 | 秘 | 邈 | 㥷 | 幽 | 暧 | 奥 | 䢛 | 逺 | 䨾,"obscure | secret, mysterious, abstruse | far, distant, remote; slight | (same as 瘱) quiet; calm; still peaceful, gracefully quiet, clear and evident; obvious, deep and far; profound and abstru | quiet, secluded, tranquil; dark",0.796936,0.898725
characters,semantic,35,202,true,"馬(77%), 一(14%), 口(12%), 丿(9%), 八(8%), 大(8%), 日(8%), 木(7%)",驦 | 骦 | 騻 | 驫 | 䮊 | 䮖 | 䮏 | 䮒 | 騠 | 䮙,horse | horse | horse | horses | name of a horse,0.853219,0.981588
characters,semantic,36,346,false,"心(31%), 口(22%), 一(14%), 丿(9%), 人(9%), 言(9%), 八(8%), 疒(7%)",懛 | 懆 | 悸 | 㦍 | 㦦 | 惝 | 諰 | 悁 | 兢 | 㤸,"alarmed, scared; stupid | anxious, apprehensive | fearful, apprehensive, perturbed | (same as 愕) to be startled, alarmed, to speak out; to speak up, frank statement, an obstacle or hindrance; to obstruct;  | apprehensive; fearful; afraid, ashamed, uneasy in mind; not feeling at peace; disturbed",0.797661,0.933741
characters,semantic,37,221,false,"竹(90%), 一(13%), 口(11%), 木(9%), 丿(9%), 八(8%), 人(7%), 丶(6%)",䈂 | 簜 | 䈣 | 䉏 | 䇪 | 䉆 | 䉄 | 䈘 | 䈍 | 䇙,a kind of bamboo | bamboo | name of a variety of bamboo | name of a variety of bamboo | name of a variety of bamboo,0.879233,0.976951
characters,semantic,38,302,false,"艸(50%), 一(16%), 口(15%), 鳥(13%), 木(13%), 虫(12%), 人(9%), 魚(8%)",蘩 | 蒌 | 蔞 | 蕕 | 莸 | 芩 | 䓈 | 鵙 | 䖲 | 鷏,Artemisia stelleriana | Artemisia stelleriana | Artemisia stelleriana | Caryopteris divaricata | Caryopteris divaricata,0.711082,0.83549
characters,semantic,39,206,false,"火(75%), 一(19%), 口(16%), 日(14%), 人(9%), 木(8%), 艸(7%), 丨(7%)",㸎 | 㷄 | 㶹 | 㷰 | 焔 | 㷬 | 煚 | 㶯 | 爖 | 爟,"warm, fire; flame | fire; flames | fire; flames | flames | flame, blaze; glowing, blazing",0.837293,0.964577
characters,semantic,40,155,true,"玉(92%), 一(21%), 丿(9%), 口(8%), 八(8%), 日(6%), 人(6%), 木(6%)",㻿 | 玚 | 㻑 | 㺸 | 㻔 | 㻕 | 珦 | 㺱 | 㻖 | 㺭,a kind of jade | a kind of jade | a kind of jade | a kind of jade | a kind of jade,0.895203,0.979865
characters,semantic,41,278,false,"木(78%), 一(18%), 艸(14%), 人(12%), 口(9%), 丿(8%), 八(8%), 日(6%)",㰀 | 㭑 | 㭔 | 㮅 | 㯗 | 㮹 | 㮿 | 㮩 | 栂 | 杝,a kind of tree | a kind of tree | a kind of tree | a kind of tree | a kind of tree,0.808113,0.961538
characters,semantic,42,571,false,"言(23%), 一(16%), 口(15%), 人(12%), 心(9%), 八(8%), 丶(7%), 十(6%)",䛮 | 䛩 | 㥒 | 赸 | 黷 | 黩 | 䛲 | 谇 | 㥵 | 㤁,"to destroy, to slander; to abuse; to defame, (non-classical form of 咎) a fault; a defect, an error, to blame; to censure | to slander; to defame, (same as 惡) to abominate; to detest, (same as 啞) to laugh; to grin | corrupt; wicked, to hate; to dislike, (same as 猜) to be jealous and suspicious, cunning; crafty | abuse, slander; vilify; ridicule | to dishonor, defile, corrupt; soiled",0.814954,0.929098
characters,semantic,43,425,false,"邑(24%), 水(20%), 一(19%), 山(16%), 口(13%), 人(12%), 八(9%), 日(7%)",贑 | 㮾 | 茌 | 鄍 | 䣄 | 郠 | 郈 | 贛 | 崀 | 筻,Jiangxi province | a place in today's Hunan Province | name of a district in Shandong | a town in Shandong province | name of a place in today's Shandong Province,0.80028,0.929851
characters,semantic,44,321,false,"鳥(71%), 口(13%), 一(13%), 隹(10%), 人(9%), 羽(6%), 八(6%), 日(6%)",鹎 | 䧷 | 䲪 | 鷈 | 䲮 | 䲸 | 䳿 | 䴄 | 䧾 | 䳍,bird | a kind of bird | a kind of bird | a kind of bird | a kind of bird,0.836599,0.971022
characters,semantic,45,420,false,"人(15%), 一(15%), 口(11%), 心(11%), 木(9%), 日(8%), 八(8%), 丿(7%)",谫 | 譾 | 謭 | 䂐 | 㱣 | 褦 | 䞿 | 跙 | 䪏 | 掞,"shallow; stupid | shallow; stupid | shallow; stupid | short (ancient form of 拙) stupid; crude; poor; slow and clumsy | uneven, weak; feeble",0.815939,0.923445
characters,semantic,46,430,false,"糸(34%), 一(16%), 金(13%), 木(11%), 口(10%), 八(7%), 弓(7%), 竹(7%)",絏 | 䌁 | 縆 | 緪 | 絚 | 乼 | 綍 | 繘 | 繨 | 纒,"rope, cable; reins; to tie up, bind | a pleat; fold, a piece of string; ribbon used to tie clothes, a rope; a line; a cord | a rope | a rope | a rope",0.776949,0.924452
characters,semantic,47,846,false,"一(19%), 口(17%), 人(15%), 八(8%), 木(8%), 丿(7%), 言(6%), 日(5%)",嘢 | 覼 | 譍 | 覙 | 槪 | 頙 | 挢 | 晻 | 䛖 | 啽,(Cant.) thing | to explain in detail | answer | explain in detail | generally,0.791829,0.951645
characters,semantic,48,235,false,"禾(31%), 艸(16%), 口(14%), 一(13%), 日(12%), 米(10%), 木(10%), 麥(7%)",䄱 | 䄧 | 䊮 | 䦤 | 䅼 | 穭 | 稆 | 秖 | 䎪 | 䵆,"a kind of grain | a kind of grain | name of a variety of grain | seed of grains | a kind of grains, to plant; to sow; to cultivate",0.776972,0.934561
characters,semantic,49,313,false,"水(23%), 一(19%), 口(12%), 木(10%), 八(9%), 土(8%), 丨(7%), 人(7%)",垢 | 瀸 | 苾 | 溽 | 籸 | 膩 | 鑠 | 葾 | 㗜 | 骯,"dirt, filth, stains; dirty | moisten, soak | smell, fragrance, aroma | moist, humid, muggy | powdery substance",0.738722,0.87816
characters,semantic,50,379,false,"日(39%), 一(17%), 火(12%), 口(12%), 人(10%), 糸(6%), 黑(6%), 木(6%)",㬳 | 㬚 | 㫹 | 㫶 | 㫛 | 㫜 | 㿩 | 晛 | 㫻 | 䆪,"light; bright, clear | light; bright, clear | light; bright, warm, genial | light; bright | light; bright; brilliant, clear, intelligent; day dawn",0.793305,0.926617
characters,semantic,51,395,false,"一(14%), 足(13%), 人(10%), 手(10%), 肉(10%), 口(10%), 木(9%), 八(9%)",袚 | 疋 | 䐟 | 㞆 | 踭 | 䩣 | 䩷 | 踎 | 䐸 | 撉,"greave; knee-pads; buskins | roll, bolt of cloth; foot | fat; plump, bent; curved feet | (same as 踦) one-legged, crippled; halt, a defect, tired, the shin | (Cant.) heel, elbow",0.772519,0.91234
characters,semantic,52,398,false,"刀(24%), 一(18%), 手(16%), 口(14%), 八(11%), 金(10%), 石(8%), 丿(7%)",㓸 | 剟 | 斵 | 㔆 | 刡 | 毟 | 䣦 | 㔍 | 㓟 | 㧟,"(same as 斲) to cut to pieces; to hack; to chop or hew, to carve for ornaments | to prick; to cut blocks, to engrave | to cut to pieces; to hack; to chop or hew; to carve for ornaments | to cut; to hack; to reap; to trim or clip, to stab; to pierce; to brand | to scrape; to pare",0.795047,0.914864
characters,semantic,53,703,false,"一(17%), 口(15%), 艸(12%), 木(11%), 人(10%), 金(9%), 丿(8%), 八(8%)",沄 | 敔 | 箙 | 蔾 | 䩴 | 䩮 | 蕻 | 榱 | 騣 | 䰕,billows | gavel | quiver | kind of bramble | a quiver,0.766912,0.932158
characters,semantic,54,368,false,"食(31%), 肉(22%), 一(17%), 口(14%), 火(12%), 日(9%), 八(8%), 丿(8%)",餇 | 湌 | 餧 | 鍸 | 㢽 | 䐶 | 䓹 | 䬸 | 籑 | 䭤,"food | to eat | steamed bread; to feed | food, gruel | (same as 餌) a bait, cakes, food, to eat",0.783884,0.918923
characters,semantic,55,154,false,"舟(49%), 木(15%), 一(14%), 口(10%), 人(10%), 水(8%), 丶(8%), 竹(7%)",艔 | 舡 | 䑦 | 䑯 | 䑱 | 䑴 | 䑤 | 舩 | 䑣 | 䒆,"(Cant.) boat | boat, ship | a boat; a ship; vessel | a boat; a ship; vessel | a boat; a ship; vessel",0.822064,0.962869
characters,semantic,56,306,false,"疒(51%), 一(19%), 肉(17%), 口(14%), 人(8%), 木(6%), 丿(5%), 日(5%)",痡 | 㑊 | 㿑 | 㾇 | 㽴 | 㽳 | 症 | 㽻 | 病 | 㿚,a disease; an ailment | a kind of disease | illness; disease; ailment | illness; disease; ailment | illness; disease,0.758531,0.932336
characters,semantic,57,369,false,"女(34%), 人(16%), 一(16%), 口(13%), 丿(8%), 日(7%), 八(6%), 十(5%)",㚶 | 親 | 孥 | 娘 | 妸 | 婼 | 㜼 | 伢 | 崽 | 㜑,"(same as 姒) wife of one's husband's elder brother; (in ancient China) the elder of twins; a Chinese family name, (same a | relatives, parents; intimate | one's children | mother; young girl; woman; wife | person",0.73421,0.874313
characters,semantic,58,343,false,"虫(62%), 一(15%), 口(10%), 人(8%), 八(8%), 丶(7%), 犬(7%), 丿(7%)",䘋 | 䖷 | 䎼 | 䗼 | 䗟 | 䗮 | 䗎 | 䗛 | 蟜 | 晜,a kind of insect | a kind of insect | a kind of insect | a kind of insect | a kind of insect,0.773919,0.939357
characters,semantic,59,172,false,"車(69%), 一(15%), 人(14%), 口(12%), 木(8%), 大(7%), 八(6%), 田(6%)",䡳 | 䡉 | 軚 | 䡜 | 䡟 | 䡆 | 鋗 | 䡝 | 樚 | 䡿,"cart, carriage etc. | a kind of cart | (Cant.) a steering wheel | car (of a train); compartment; the inside of a cart, axis; pivot; axle; an axletree | a ring of the horizontal front bar on a carriage; to control the wheel",0.794296,0.932846
