object_class,pattern,struct_cluster,sem_cluster,cluster_size,minority_size,dominant_sem_cluster,dominant_struct_cluster,cluster_purity,example_rank,object_id,object_label,definition,mean_weight_cosine,radicals
radicals,struct_together_sem_split,0,0,212,129,1,,0.3915,1,人,人,,,
radicals,struct_together_sem_split,0,2,212,129,1,,0.3915,2,儿,儿,,,
radicals,struct_together_sem_split,0,2,212,129,1,,0.3915,3,几,几,,,
radicals,sem_together_struct_split,2,1,84,1,,0,0.9881,1,口,口,,,
radicals,sem_together_struct_split,1,2,66,1,,0,0.9848,1,一,一,,,
characters,struct_together_sem_split,0,18,163,123,0,,0.2454,1,U+3488,㒈,dangerous; lofty; steep; high and dangerous,0.56173253,"乙, 人, 攴, 耳"
characters,struct_together_sem_split,0,52,163,123,0,,0.2454,2,U+350C,㔌,"to cut off; to mince, to cut up firewood",0.5431843275,"丿, 刀, 又, 耳"
characters,struct_together_sem_split,0,20,163,123,0,,0.2454,3,U+35A9,㖩,"not pure, immodest, to urge, (same as 嗾) to set a dog on",0.51929489,"又, 口, 耳"
characters,struct_together_sem_split,1,32,1306,1016,0,,0.2221,1,U+3416,㐖,"㐖毒, an old name for India",0.6027176166666667,"乙, 口, 士"
characters,struct_together_sem_split,1,48,1306,1016,0,,0.2221,2,U+342D,㐭,"(same as 廩) a granary, to supply (foodstuff), to stockpile",0.5679718066666667,"亠, 口, 囗"
characters,struct_together_sem_split,1,20,1306,1016,0,,0.2221,3,U+342F,㐯,"(ancient form of 庸) to employ; to use, to manifest",0.70476639,"亠, 口, 香"
characters,struct_together_sem_split,2,33,160,124,0,,0.225,1,U+3B62,㭢,"mechanics, opportunity, urgent",0.6216313075,"一, 刀, 廾, 木"
characters,struct_together_sem_split,2,2,160,124,0,,0.225,2,U+3B87,㮇,"(standard form of 掭) (same as 栝) a builder's frame for measuring, juniper, a poker (for stirring fire, a cylinder part on the old style of wooden doors",0.6289091360000001,"一, 丶, 大, 小, 木"
characters,struct_together_sem_split,2,26,160,124,0,,0.225,3,U+3B8E,㮎,(non-classical form of U+76C3 盃 U+676F 杯) cup; a tumbler; a glass,0.5615736166666666,"一, 木, 皿"
characters,struct_together_sem_split,3,47,637,502,0,,0.2119,1,U+345C,㑜,(a dialect) to engrave,0.5800484233333334,"人, 手, 斤"
characters,struct_together_sem_split,3,47,637,502,0,,0.2119,2,U+353C,㔼,"(non-classical form of 榫) to fit into, a tenon, connected",0.5765960033333334,"十, 手, 隹"
characters,struct_together_sem_split,3,58,637,502,0,,0.2119,3,U+3742,㝂,"locust, larva of Chilo simplex; a kind of moth",0.33349046999999993,"子, 手, 斤"
characters,struct_together_sem_split,4,13,125,89,0,,0.288,1,U+3434,㐴,"(non-classical of 攀) to drag down; to seize, to pull, to hold to",0.5824327499999999,"人, 夕"
characters,struct_together_sem_split,4,47,125,89,0,,0.288,2,U+3469,㑩,(simplified form of U+5138 儸) smart; clever,0.6537445566666666,"人, 夕, 网"
characters,struct_together_sem_split,4,27,125,89,0,,0.288,3,U+3485,㒅,to unbind the collar,0.6268834499999999,"亠, 人, 夕"
characters,struct_together_sem_split,5,28,555,437,0,,0.2126,1,U+347E,㑾,"(interchangeable 繇) joy, delight, gratification",0.631376175,"人, 言"
characters,struct_together_sem_split,5,24,555,437,0,,0.2126,2,U+34C3,㓃,(standard form of U+8A6B 詫) to sacrifice by pouring out a libation of wine,0.5996744325,"丿, 乙, 冖, 言"
characters,struct_together_sem_split,5,8,555,437,0,,0.2126,3,U+360A,㘊,the abrupt and hasty sound of the crowd,0.5610445433333333,"口, 言, 雨"
characters,struct_together_sem_split,6,8,148,112,0,,0.2432,1,U+34C8,㓈,sound of flying or speeding,0.54477456,"冫, 石"
characters,struct_together_sem_split,6,49,148,112,0,,0.2432,2,U+34C9,㓉,"ice; icicles, cold; frost, crystallized",0.53270257,"冫, 舌"
characters,struct_together_sem_split,6,16,148,112,0,,0.2432,3,U+34CE,㓎,"cold, cold air, bitterly cold",0.68194443,冫
characters,struct_together_sem_split,7,32,39,23,0,,0.4103,1,U+3731,㜱,"used in girl's name, soft and tender",0.64360831,"女, 斤, 貝"
characters,struct_together_sem_split,7,56,39,23,0,,0.4103,2,U+4447,䑇,medicine for a sore; a boil (injure by a sword or a knife),0.5383472266666667,"斤, 肉, 貝"
characters,struct_together_sem_split,7,19,39,23,0,,0.4103,3,U+4720,䜠,language of the savage or barbarian,0.6753326233333334,"斤, 言, 貝"
characters,struct_together_sem_split,8,20,114,80,0,,0.2982,1,U+36E5,㛥,"to prostrate; to make obeisance, to concede or submit willingly",0.5101298,"女, 日, 水"
characters,struct_together_sem_split,8,46,114,80,0,,0.2982,2,U+39FA,㧺,a finger wrapper; a covering (used to protect the fingers from getting hurt),0.4880591,"手, 日, 水"
characters,struct_together_sem_split,8,14,114,80,0,,0.2982,3,U+3B7C,㭼,a rectangle shaped peg or short post between the beans and the roof timbers; the square peck-shaped box half-way up a Chinese flagstaff,0.45177442,"日, 木, 水"
characters,struct_together_sem_split,9,20,756,538,0,,0.2884,1,U+347D,㑽,"(same as 傏) to ward off; to parry; to keep out, as wind, rain, or cold",0.675582025,"人, 土"
characters,struct_together_sem_split,9,18,756,538,0,,0.2884,2,U+3481,㒁,"(same as 俁) of great stature; stalwart, to injure, to grieve",0.66268943,"人, 囗, 土"
characters,struct_together_sem_split,9,45,756,538,0,,0.2884,3,U+34A6,㒦,"(same as 儡) puppets, very tired; fatigued; weary and weak",0.59717812,"人, 土, 田"
characters,struct_together_sem_split,10,15,707,561,0,,0.2065,1,U+342B,㐫,"(same as 凶) cruel, unfortunate, sad",0.7175494033333333,"丿, 亠, 凵"
characters,struct_together_sem_split,10,18,707,561,0,,0.2065,2,U+347B,㑻,"strong, robust, vigorous",0.604568324,"丿, 人, 宀, 山, 心"
characters,struct_together_sem_split,10,12,707,561,0,,0.2065,3,U+34BF,㒿,a kind of turban used in ancient time,0.6453811514285714,"丿, 二, 亠, 冂, 凵, 禸, 隹"
characters,struct_together_sem_split,11,52,488,376,0,,0.2295,1,U+34EF,㓯,"(same as 劙) to divide, to partition, to cut; to hack; to reap",0.6674932633333333,"刀, 巛, 田"
characters,struct_together_sem_split,11,2,488,376,0,,0.2295,2,U+34FD,㓽,a kind of farm tool; iron spade; spade,0.5852728325000001,"刀, 宀, 山, 示"
characters,struct_together_sem_split,11,1,488,376,0,,0.2295,3,U+3523,㔣,"in ancient times to fight against the enemy by pushing down the big rocks from up high; to throw over, to urge; to exert oneself, to carry in the bosom",0.5795542899999999,"力, 田"
characters,struct_together_sem_split,12,29,859,585,0,,0.319,1,U+3491,㒑,"grow up, commodity prices",0.5216897125000001,"人, 匚, 水, 隹"
characters,struct_together_sem_split,12,10,859,585,0,,0.319,2,U+3624,㘤,circle of the moving water,0.6512582,"囗, 水"
characters,struct_together_sem_split,12,52,859,585,0,,0.319,3,U+3659,㙙,"to smear; to daub, to erase; to blot out, mud, mire, to plaster a wall with mud",0.6392921200000001,"丶, 土, 尢, 彡, 水"
characters,struct_together_sem_split,13,15,571,417,0,,0.2697,1,U+3466,㑦,"anger; rage; angry, (same as 戾) recalcitrant; stubbornly persisting in doing something wrong; cruel; despotic",0.5416730624999999,"丶, 人, 尸, 犬"
characters,struct_together_sem_split,13,42,571,417,0,,0.2697,2,U+349D,㒝,to deceive; artful; false,0.5759488933333333,"丶, 人, 戈"
characters,struct_together_sem_split,13,48,571,417,0,,0.2697,3,U+34E7,㓧,agricultural implements,0.5528925675,"丶, 人, 刀, 口"
characters,struct_together_sem_split,14,21,60,42,0,,0.3,1,U+4167,䅧,"fine rice seedling; growing rice in order, (same as 蔭) shade of trees; shade",0.42723054000000005,"禾, 音"
characters,struct_together_sem_split,14,3,60,42,0,,0.3,2,U+4514,䔔,name of a variety of grass,0.5384975633333333,"儿, 艸, 音"
characters,struct_together_sem_split,14,47,60,42,0,,0.3,3,U+4581,䖁,"number, to count; to enumerate",0.54401478,"心, 禸, 艸, 音"
characters,struct_together_sem_split,15,45,575,479,0,,0.167,1,U+348D,㒍,(interchangeable U+50AB 儽) utterly weary in body and spirits; negligent; lax,0.6064403166666666,"人, 厶, 糸"
characters,struct_together_sem_split,15,20,575,479,0,,0.167,2,U+3499,㒙,"to hand or bow the head; to droop; to lower, low; beneath",0.6238143125,"人, 巾, 白, 糸"
characters,struct_together_sem_split,15,32,575,479,0,,0.167,3,U+34A1,㒡,name of a person,0.64625205,"丿, 人, 爪, 糸, 缶"
characters,struct_together_sem_split,16,58,204,141,0,,0.3088,1,U+3559,㕙,a wily rabbit; a cunning hare,0.6184014449999999,"丶, 八, 厶, 夂"
characters,struct_together_sem_split,16,51,204,141,0,,0.3088,2,U+3687,㚇,"draw the feet up; to refuse to advance, to summarize; to gather; to collect, name of an old country, (same as U+9350 鍐) a headstall; ornament on a bridle; (Cant.) to jump up",0.6573078925,"丿, 八, 凵, 夂"
characters,struct_together_sem_split,16,32,204,141,0,,0.3088,3,U+36D6,㛖,used in girl's name,0.7094060775,"八, 厶, 夂, 女"
characters,struct_together_sem_split,17,24,225,179,0,,0.2044,1,U+3429,㐩,wine cups,0.4581224,二
characters,struct_together_sem_split,17,20,225,179,0,,0.2044,2,U+34BB,㒻,"(same as 冒) to go forward with eyes covered, to risk, to rush upon, to put forth, to issue forth",0.6311791333333333,"二, 冂, 見"
characters,struct_together_sem_split,17,4,225,179,0,,0.2044,3,U+34BE,㒾,a kind of wrapper used to cover over the face and head,0.5966257724999999,"乙, 二, 冂, 方"
characters,struct_together_sem_split,18,42,139,106,0,,0.2374,1,U+348E,㒎,"evil, wicked, wrong, foul",0.623163685,"丿, 人, 大, 非"
characters,struct_together_sem_split,18,8,139,106,0,,0.2374,2,U+356D,㕭,"(same as 咬) to bark as a dog, obscene expressions, an interjection; implying surprise",0.6479817466666667,"丿, 口, 大"
characters,struct_together_sem_split,18,20,139,106,0,,0.2374,3,U+35DB,㗛,"(same as 笑) to laugh; to smile, to laugh at; to ridicule",0.6158424250000001,"丿, 口, 大, 竹"
characters,struct_together_sem_split,19,47,241,197,0,,0.1826,1,U+3454,㑔,"(a simplified form) (corrupted form of 偦) all together, mutually, last name",0.533421665,"人, 頁"
characters,struct_together_sem_split,19,32,241,197,0,,0.1826,2,U+346F,㑯,"last name, all; together; mutually, a low rank officer to take charge of the bandits in ancient time",0.48391455000000005,"人, 頁"
characters,struct_together_sem_split,19,42,241,197,0,,0.1826,3,U+35BD,㖽,(corrupted form of 嘖) to call out; to make an uproar,0.5326612000000001,"口, 頁"
characters,struct_together_sem_split,20,45,295,230,0,,0.2203,1,U+3421,㐡,(same as 懦) weak; timid; imbecile,0.6479557133333333,"乙, 大, 而"
characters,struct_together_sem_split,20,52,295,230,0,,0.2203,2,U+34F4,㓴,"to cut in two, to slash",0.6221219666666667,"刀, 大, 而"
characters,struct_together_sem_split,20,42,295,230,0,,0.2203,3,U+368F,㚏,"(corrupted form) to scatter; to disperse, to give the reins to; to allow to run wild; unstable; light; featherbrained",0.61351004,"大, 廾"
characters,struct_together_sem_split,21,2,405,323,0,,0.2025,1,U+34F5,㓵,(same as 鍔) swords; a double-edged sword,0.5834157766666667,"一, 刀, 口"
characters,struct_together_sem_split,21,1,405,323,0,,0.2025,2,U+350A,㔊,"to cut; to hack; to reap, to strike; to attack, to chastise rebels",0.6270485133333333,"一, 亠, 刀, 口, 囗, 日"
characters,struct_together_sem_split,21,36,405,323,0,,0.2025,3,U+3576,㕶,"(Cant.) an expletive, exclamation",0.61081624,"一, 口"
characters,struct_together_sem_split,22,12,329,188,44,,0.4286,1,U+3800,㠀,(same as 島) island; isle,0.43195121000000003,"山, 鳥"
characters,struct_together_sem_split,22,0,329,188,44,,0.4286,2,U+4187,䆇,,0.6970665466666667,"几, 禾, 鳥"
characters,struct_together_sem_split,22,24,329,188,44,,0.4286,3,U+4CAD,䲭,"kite, owl, wine cups",0.511988815,"氏, 鳥"
characters,struct_together_sem_split,23,52,324,216,37,,0.3333,1,U+350D,㔍,"a hinged shear or long knife for cutting fodder; sheet-iron; etc., to cut up; to mince",0.5278351450000001,"刀, 竹"
characters,struct_together_sem_split,23,52,324,216,37,,0.3333,2,U+3510,㔐,(corrupted form) to cut; to mince,0.53183771,"一, 刀, 竹, 韭"
characters,struct_together_sem_split,23,28,324,216,37,,0.3333,3,U+39A2,㦢,"pure; virtuous; devotion; dedication, to have bearings; to have manners",0.54891635,"卩, 心, 竹"
characters,struct_together_sem_split,24,42,960,718,0,,0.2521,1,U+3465,㑥,"disrespectful; irreverent, to make light of; to neglect; careless; rush, to exchange, (said of one's personality) easy to get along with",0.60205552,"丿, 人, 勹, 日"
characters,struct_together_sem_split,24,18,960,718,0,,0.2521,2,U+347F,㑿,"long, of space or time, profitable, excelling",0.581689225,"人, 巛, 日, 木"
characters,struct_together_sem_split,24,20,960,718,0,,0.2521,3,U+3482,㒂,"to bestow; to grant, to act; to do, quiet; still, peace; tranquility",0.5828690249999999,"人, 日, 老, 艸"
characters,struct_together_sem_split,25,42,592,448,0,,0.2432,1,U+341C,㐜,"(same as 仇) an enemy, enmity, hatred, to hate, a rival, a match",0.653694438,"一, 丶, 乙, 亅, 八"
characters,struct_together_sem_split,25,20,592,448,0,,0.2432,2,U+3424,㐤,"to implore; to beseech, to seek after, to beg; to pray",0.524879085,"一, 乙, 八, 十"
characters,struct_together_sem_split,25,42,592,448,0,,0.2432,3,U+345F,㑟,insincere and cunning person; a pretentious person,0.6210218466666667,"一, 人, 八"
characters,struct_together_sem_split,26,18,559,411,0,,0.2648,1,U+3433,㐳,high and level on the top,0.6199982566666667,"一, 人, 儿"
characters,struct_together_sem_split,26,20,559,411,0,,0.2648,2,U+3442,㑂,"(same as 仿) to imitate, like; resembling, according to",0.6388877233333333,"一, 人, 冂"
characters,struct_together_sem_split,26,20,559,411,0,,0.2648,3,U+3445,㑅,"(same as 作) to make; to do; to act, to write; to compose; to rise, work",0.6050276533333333,"一, 人, 卜"
characters,struct_together_sem_split,27,47,3485,2721,0,,0.2192,1,U+3402,㐂,"(J) non-standard form of U+559C 喜, to like, love, enjoy; a joyful thing",0.73817611,乙
characters,struct_together_sem_split,27,43,3485,2721,0,,0.2192,2,U+340C,㐌,a tribe of savages in South China,0.60161018,乙
characters,struct_together_sem_split,27,25,3485,2721,0,,0.2192,3,U+3428,㐨,a kind of fish in legend (a record in old books),0.66347539,乙
characters,struct_together_sem_split,28,52,229,163,0,,0.2882,1,U+34CB,㓋,to freeze; to congeal; to curdle,0.5900019120000001,"一, 丨, 八, 冫, 十"
characters,struct_together_sem_split,28,2,229,163,0,,0.2882,2,U+3534,㔴,"agricultural implement; farm tools, a big sacrificial vessel; a tripod of bronze with two ears; a caldron",0.55638431,"一, 丨, 八, 匚, 十, 田"
characters,struct_together_sem_split,28,55,229,163,0,,0.2882,3,U+3535,㔵,a kind of vessel,0.6617392099999999,"一, 丨, 八, 匚, 十, 己"
characters,struct_together_sem_split,29,14,619,430,0,,0.3053,1,U+354B,㕋,rock land,0.49627713500000004,"厂, 金"
characters,struct_together_sem_split,29,36,619,430,0,,0.3053,2,U+3FA3,㾣,to shiver; to shudder; to tremble because of a malaria and a very bad cold,0.476684345,"疒, 金"
characters,struct_together_sem_split,29,22,619,430,0,,0.3053,3,U+40E2,䃢,name of a mountain (same as 嶔) lofty (of a mountain),0.4663571733333333,"欠, 石, 金"
characters,struct_together_sem_split,30,27,428,289,58,,0.3248,1,U+34A9,㒩,"(same as 梴 裸) naked, to strip; to unclothe",0.5261973333333333,"人, 彐, 虫"
characters,struct_together_sem_split,30,8,428,289,58,,0.3248,2,U+3C29,㰩,sound of laughter,0.45087409,"欠, 虫"
characters,struct_together_sem_split,30,10,428,289,58,,0.3248,3,U+3D43,㵃,name of a stream,0.5953974125,"匕, 宀, 水, 虫"
characters,struct_together_sem_split,31,23,691,469,0,,0.3213,1,U+364E,㙎,"breach of a tank; pond, (a dialect) to cover up; to conceal; to hide; to bury",0.5243489575,"一, 土, 女, 戈"
characters,struct_together_sem_split,31,42,691,469,0,,0.3213,2,U+36A2,㚢,"(ancient form of 奴) a slave; a servant, term of depreciation, (ancient form of 侮) to insult; to ridicule",0.65051052,"人, 女"
characters,struct_together_sem_split,31,20,691,469,0,,0.3213,3,U+36A3,㚣,"(ancient form of U+59E3 姣 U+5B0C 嬌) handsome; pretty, cunning, meretricious allurements, to insult; to disgrace, licentious; profligate; lewd; (Cant.) amorous, in love with",0.70571679,女
characters,struct_together_sem_split,32,26,474,375,0,,0.2089,1,U+3536,㔶,"a small cup, a box; a chest, a granary, cover of a vessel",0.6333876528571428,"匚, 十, 夂, 工, 日, 立, 貝"
characters,struct_together_sem_split,32,28,474,375,0,,0.2089,2,U+3562,㕢,"profound significance, just now; then; in that case",0.6970249749999999,"又, 貝"
characters,struct_together_sem_split,32,14,474,375,0,,0.2089,3,U+367A,㙺,"(same as 逵 馗) cross-road; a thorough-fare; a center from which nine roads lead out, to accumulate soil, to store up soil",0.57986661,"匚, 土, 貝"
characters,struct_together_sem_split,33,45,496,336,0,,0.3226,1,U+344C,㑌,(same as 尪) weak; a rickety person; emaciated,0.6114599533333333,"人, 匚, 玉"
characters,struct_together_sem_split,33,42,496,336,0,,0.3226,2,U+345D,㑝,"to make a fool of; idiotic, simple, stupid",0.6611698633333334,"人, 廾, 玉"
characters,struct_together_sem_split,33,15,496,336,0,,0.3226,3,U+34CC,㓌,bitterly cold,0.6280830133333334,"人, 冫, 玉"
characters,struct_together_sem_split,34,16,1411,988,0,,0.2998,1,U+345B,㑛,to shake one's head,0.543035775,"人, 木"
characters,struct_together_sem_split,34,45,1411,988,0,,0.2998,2,U+3463,㑣,"stupid; loutish, without ability; unable; lacking power",0.540755275,"人, 木"
characters,struct_together_sem_split,34,46,1411,988,0,,0.2998,3,U+3471,㑱,"a kind of monkey, fingering for an ancient string instrument",0.6254202133333333,"人, 木, 矛"
characters,struct_together_sem_split,35,20,249,162,27,,0.3494,1,U+3548,㕈,"(interchangeable 庡) to linger; to walk to and from, to conceal; to cover up; to secrete; to hide; to cover over",0.592536685,"厂, 衣"
characters,struct_together_sem_split,35,32,249,162,27,,0.3494,2,U+36C4,㛄,used in girl's name,0.641676965,"女, 衣"
characters,struct_together_sem_split,35,45,249,162,27,,0.3494,3,U+3822,㠢,"rugged and uneven, to shrink; to recoil; to cringe",0.5146444233333333,"山, 衣, 鬼"
characters,struct_together_sem_split,36,28,794,555,0,,0.301,1,U+3464,㑤,"(same as 媌) good looking, a prostitute",0.5425384433333332,"人, 田, 艸"
characters,struct_together_sem_split,36,3,794,555,0,,0.301,2,U+3496,㒖,(same as 藕) the root-stock of the lotus; arrowroot,0.5770066966666666,"人, 禸, 艸"
characters,struct_together_sem_split,36,52,794,555,0,,0.301,3,U+3511,㔑,(same as U+34FC 㓼) an incised wound; cuts,0.5907494866666666,"刀, 艸, 辛"
characters,struct_together_sem_split,37,47,140,100,0,,0.2857,1,U+3513,㔓,to stammer,0.6183862666666666,"丿, 力, 十"
characters,struct_together_sem_split,37,18,140,100,0,,0.2857,2,U+351E,㔞,vigorous; with great strength,0.5564066449999999,"丿, 力, 匕, 十"
characters,struct_together_sem_split,37,52,140,100,0,,0.2857,3,U+35D7,㗗,"to separate; to part, to split; to crack, to rend; to rip open",0.618125092,"丿, 力, 十, 口, 白"
characters,struct_together_sem_split,38,54,255,195,0,,0.2353,1,U+35A2,㖢,(same as 飺) to reject food,0.498303435,"匕, 口, 广, 止"
characters,struct_together_sem_split,38,9,255,195,0,,0.2353,2,U+367B,㙻,"(non-classical form of 廛) living space for one family in ancient times, ground allotted to a retainer, a shop; a market place",0.5569298475,"儿, 土, 广, 里"
characters,struct_together_sem_split,38,34,255,195,0,,0.2353,3,U+3769,㝩,"spaciously rooms, emptiness",0.5865641066666667,"宀, 广, 隶"
characters,struct_together_sem_split,39,51,79,63,0,,0.2025,1,U+355A,㕚,"(ancient form of 爪) claws of birds or animals, feet, to scratch, to claw, to grasp",0.5784114899999999,"丶, 又"
characters,struct_together_sem_split,39,2,79,63,0,,0.2025,2,U+3579,㕹,a buckler; a shield,0.63079856,"丶, 又, 口"
characters,struct_together_sem_split,39,36,79,63,0,,0.2025,3,U+38FE,㣾,do not care; unmindful of,0.6037951933333333,"丶, 又, 心"
characters,struct_together_sem_split,40,15,322,255,0,,0.2081,1,U+394A,㥊,"angry, (same as 恲) generous; unselfish; liberal",0.4110640366666667,"心, 月, 肉"
characters,struct_together_sem_split,40,50,322,255,0,,0.2081,2,U+3B33,㬳,"light; bright, clear",0.362153725,"十, 肉"
characters,struct_together_sem_split,40,51,322,255,0,,0.2081,3,U+3B35,㬵,"the shinbone, or tibia, (same as U+4EA4 交) to intersect, the sun and the moon in the sky, (simplified form U+81A0 膠) glue; gum, resin; sap, anything sticky",0.38315355,"亠, 父, 肉"
characters,struct_together_sem_split,41,12,152,111,0,,0.2697,1,U+371A,㜚,a local government post in ancient times,0.5587164099999999,"一, 人, 女, 宀, 白"
characters,struct_together_sem_split,41,9,152,111,0,,0.2697,2,U+3749,㝉,"(same as 宁) space between the throne and the retiring room behind it, to store up; to save up, peaceful, used as a term of comparison",0.56052576,"一, 宀"
characters,struct_together_sem_split,41,47,152,111,0,,0.2697,3,U+374D,㝍,(simplified form of 寫) to write; to draw,0.656508565,"一, 宀"
characters,struct_together_sem_split,42,57,690,461,0,,0.3319,1,U+345E,㑞,"(same as 媵) (in old time) a maid who accompanies a bride to her new home; to escort, a concubine",0.5725487366666666,"人, 廾, 火"
characters,struct_together_sem_split,42,36,690,461,0,,0.3319,2,U+3484,㒄,"brittle and friable, fear; dread; fright; scare",0.569190935,"人, 冫, 火, 犬"
characters,struct_together_sem_split,42,1,690,461,0,,0.3319,3,U+34F9,㓹,"(same as 銳) a sharp-pointed weapon, acute; zealous; valiant, wound, minor injury",0.6530838433333334,"刀, 厂, 火"
characters,struct_together_sem_split,43,49,248,188,0,,0.2419,1,U+34D7,㓗,(non-classical of 潔) clean; pure; clear,0.58187098,"一, 丨, 二, 冫, 刀, 糸"
characters,struct_together_sem_split,43,47,248,188,0,,0.2419,2,U+34DE,㓞,"to engrave, (interchangeable with U+5951 契) a written contract or agreement",0.58685595,"一, 丨, 二, 刀"
characters,struct_together_sem_split,43,52,248,188,0,,0.2419,3,U+34F6,㓶,"(same as 鍥) to carve; to engrave; to cut; to oppress, a sickle",0.674119568,"一, 丨, 二, 刀, 大"
characters,struct_together_sem_split,44,27,59,49,0,,0.1695,1,U+383E,㠾,"a dish-cloth; a mopper; a cleaning rag, headdress; a scarf; turban",0.7086434166666665,"卩, 夕, 巾"
characters,struct_together_sem_split,44,42,59,49,0,,0.1695,2,U+392A,㤪,"(same as 怨) to find fault with; to repine; to murmur against; to harbour resentment, hatred",0.6341235350000001,"一, 卩, 夕, 心"
characters,struct_together_sem_split,44,49,59,49,0,,0.1695,3,U+3C67,㱧,"stinking smell, expression of a dead person",0.6269638075,"卩, 夕, 宀, 歹"
characters,struct_together_sem_split,45,15,36,27,0,,0.25,1,U+399E,㦞,(same as 懤) grieved; pained; in deep grief; to lament deeply,0.6290760799999999,"一, 乙, 口, 士, 寸, 工, 心"
characters,struct_together_sem_split,45,19,36,27,0,,0.25,2,U+3E57,㹗,cattle and sheep have no children,0.4854796542857143,"一, 乙, 口, 士, 寸, 工, 牛"
characters,struct_together_sem_split,45,56,36,27,0,,0.25,3,U+3FD2,㿒,"illness; disease; ailment, disease of the internal organs, disease of the abdomen, palpitation of the heart",0.6172445857142856,"一, 乙, 口, 士, 寸, 工, 疒"
characters,struct_together_sem_split,46,20,860,653,0,,0.2407,1,U+3430,㐰,"(ancient form of 信) to believe in; to trust, truth, sincerity, confidence, a pledge or token",0.619152515,"人, 口"
characters,struct_together_sem_split,46,4,860,653,0,,0.2407,2,U+3431,㐱,"(same as 鬒) bushy, black hair",0.714386405,"人, 彡"
characters,struct_together_sem_split,46,32,860,653,0,,0.2407,3,U+3432,㐲,name of an island,0.63007188,"人, 大"
characters,struct_together_sem_split,47,20,212,164,0,,0.2264,1,U+3480,㒀,do not fear to,0.6445573683333333,"亠, 人, 八, 冂, 十, 口"
characters,struct_together_sem_split,47,15,212,164,0,,0.2264,2,U+34CF,㓏,bitterly cold,0.6272087575,"八, 冂, 冫, 口"
characters,struct_together_sem_split,47,52,212,164,0,,0.2264,3,U+3512,㔒,"to cut; to cut out; to pick out; to scoop out, to cut short; to spare",0.529480495,"八, 冂, 刀, 口, 山, 隹"
characters,struct_together_sem_split,48,3,118,89,0,,0.2458,1,U+4554,䕔,"name of a variety of grass, couch grass family",0.537327344,"一, 亅, 彳, 艸, 金"
characters,struct_together_sem_split,48,26,118,89,0,,0.2458,2,U+492F,䤯,"(same as 鉶) container for thick soup, sacrificial utensil, thick soup of meat and vegetables, (interchangeable 硎) a whetstone; grindstone",0.49254195999999995,"一, 廾, 彡, 金"
characters,struct_together_sem_split,48,13,118,89,0,,0.2458,3,U+4940,䥀,to pull out; to stretch,0.47541893,"一, 屮, 虫, 金"
characters,struct_together_sem_split,49,12,313,224,0,,0.2843,1,U+3435,㐵,Confucianism; scholar,0.51139943,"二, 人"
characters,struct_together_sem_split,49,47,313,224,0,,0.2843,2,U+345A,㑚,"(non-classical form of 那) that, there",0.66614674,"二, 人, 刀, 邑"
characters,struct_together_sem_split,49,47,313,224,0,,0.2843,3,U+346A,㑪,"(non-classical form of 儕) a generation, a class; a series; a kind",0.646021258,"丨, 丿, 二, 人, 文"
characters,struct_together_sem_split,50,42,278,170,35,,0.3885,1,U+3437,㐷,"a kind of punishment in Han Dynasty, name of chessmen in Chinese chess game (simplified form, a variant 罵) to curse; to revile; to abuse, to scold",0.564056965,"人, 馬"
characters,struct_together_sem_split,50,28,278,170,35,,0.3885,2,U+349F,㒟,"(same as 褭) with a charming; slim carriage (of a woman), pretty",0.6391818699999999,"亠, 人, 馬"
characters,struct_together_sem_split,50,28,278,170,35,,0.3885,3,U+3735,㜵,(said of a woman) with a charming sprightly carriage; slim; delicate and beautiful,0.6072969433333334,"亠, 女, 馬"
characters,struct_together_sem_split,51,14,305,237,0,,0.223,1,U+354D,㕍,"(same as 堆) to heap up; to pile, a heap; a pile; a mass; a crowd",0.61424267,"厂, 隹"
characters,struct_together_sem_split,51,20,305,237,0,,0.223,2,U+355B,㕛,"(ancient form of 友) a friend; a companion; an associate, friendly, to make friends of, brotherly regard",0.61098504,又
characters,struct_together_sem_split,51,52,305,237,0,,0.223,3,U+355E,㕞,"(same as U+5237 刷) a brush, to brush; to clean; to scrub, to print, especially from blocks",0.52237159,又
characters,struct_together_sem_split,52,49,270,207,0,,0.2333,1,U+34C5,㓅,frozen; cold,0.6152332066666667,"一, 亅, 冫"
characters,struct_together_sem_split,52,20,270,207,0,,0.2333,2,U+35FF,㗿,"to laugh loudly, to blame; to reprimand, entrance to a cave or to a gorge",0.602066435,"一, 亅, 口, 門"
characters,struct_together_sem_split,52,47,270,207,0,,0.2333,3,U+3605,㘅,(same as U+929C 銜 U+5563 啣) to hold in the mouth,0.619377078,"一, 亅, 口, 彳, 金"
characters,struct_together_sem_split,53,20,309,231,0,,0.2524,1,U+3474,㑴,"(standard form of 侵) to usurp, to encroach upon, to raid",0.644913876,"人, 冖, 又, 巾, 彐"
characters,struct_together_sem_split,53,47,309,231,0,,0.2524,2,U+34BC,㒼,"average; equivalent; corresponding, to cover something carefully and tightly without a break; (Cant.) blocked",0.6245346350000001,"巾, 廾"
characters,struct_together_sem_split,53,45,309,231,0,,0.2524,3,U+351D,㔝,"strong resistance; lazy, reluctant",0.54115788,"一, 力, 巾"
characters,struct_together_sem_split,54,17,119,97,0,,0.1849,1,U+35F7,㗷,"(simplified form) to eat; to bite; to gnaw, a dialect, usually used at the end of a sentence",0.6410039666666667,"口, 宀, 貝"
characters,struct_together_sem_split,54,8,119,97,0,,0.1849,2,U+3609,㘉,"to make sound; to speak; (Cant.) to tickle, squeeze",0.6410525833333334,"卩, 口, 竹"
characters,struct_together_sem_split,54,8,119,97,0,,0.1849,3,U+360B,㘋,"sound; echo, difficult; troublesome",0.6527452475,"又, 口, 臣, 貝"
characters,struct_together_sem_split,55,9,371,206,25,,0.4447,1,U+389D,㢝,"cottage; a coarse house, house with flat roof",0.37273517333333334,"广, 禾, 魚"
characters,struct_together_sem_split,55,34,371,206,25,,0.4447,2,U+3C4E,㱎,cannot be known; agnostic,0.5424359433333333,"欠, 网, 魚"
characters,struct_together_sem_split,55,10,371,206,25,,0.4447,3,U+3D8D,㶍,name of a stream,0.53493916,"水, 羊, 魚"
characters,struct_together_sem_split,56,53,982,772,0,,0.2138,1,U+3400,㐀,(same as U+4E18 丘) hillock or mound,0.53586629,"一, 卜"
characters,struct_together_sem_split,56,42,982,772,0,,0.2138,2,U+34C2,㓂,"(a variant of 寇) tyrannical; cruel, to rob; to plunder, banditti; thieves; highwaymen",0.6372032474999999,"一, 儿, 冖, 女"
characters,struct_together_sem_split,56,16,982,772,0,,0.2138,3,U+34D6,㓖,"bitterly cold, cold wind; the north wind",0.538721515,"一, 冫"
characters,struct_together_sem_split,57,14,168,132,0,,0.2143,1,U+354A,㕊,"to slant; intricate; describe a writer's pen, lofty rocks; protruded rocks; resolute",0.5621809375,"丶, 十, 厂, 月"
characters,struct_together_sem_split,57,15,168,132,0,,0.2143,2,U+35C5,㗅,"(same as 胡) angry, the throat, what? how? why? which?",0.57105281,"十, 口, 月"
characters,struct_together_sem_split,57,54,168,132,0,,0.2143,3,U+35D8,㗘,to bite the hard and solid food,0.526255192,"丶, 十, 口, 寸, 月"
characters,struct_together_sem_split,58,20,447,338,0,,0.2438,1,U+342E,㐮,"(same as 襄) to help; to assist, to achieve, to rise; to raise",0.6070815,"亠, 八"
characters,struct_together_sem_split,58,47,447,338,0,,0.2438,2,U+34B5,㒵,(same as 貌) manner; appearance; form; face; bearing,0.60375282,"八, 白"
characters,struct_together_sem_split,58,12,447,338,0,,0.2438,3,U+34B6,㒶,(ancient form of 公) public; open to all,0.591833025,"八, 白"
characters,struct_together_sem_split,59,45,263,186,0,,0.2928,1,U+3504,㔄,"thin, small cut",0.6026597020000001,"一, 丨, 刀, 口, 米"
characters,struct_together_sem_split,59,12,263,186,0,,0.2928,2,U+355C,㕜,(ancient form of 史) history; chronicles; annals,0.67882518,"丨, 又, 口"
characters,struct_together_sem_split,59,8,263,186,0,,0.2928,3,U+3569,㕩,"(non-classical form) sound of tapping; sound of striking, opposing voices",0.5499961449999999,"一, 丨, 二, 口"
characters,sem_together_struct_split,52,0,6914,6150,,27,0.1105,1,U+3409,㐉,,0.8996003466666668,"一, 乙, 亅"
characters,sem_together_struct_split,9,0,6914,6150,,27,0.1105,2,U+340B,㐋,,0.961006995,"乙, 土"
characters,sem_together_struct_split,56,0,6914,6150,,27,0.1105,3,U+340F,㐏,,0.84940052,"一, 乙"
characters,sem_together_struct_split,27,1,239,183,,3,0.2343,1,U+34E5,㓥,(dial.) to kill; to slaughter,0.6754782500000001,"刀, 彐"
characters,sem_together_struct_split,46,1,239,183,,3,0.2343,2,U+34E8,㓨,(same as 刺) to pierce; to stab; to irritate; to hurt,0.6723574433333334,"人, 刀, 大"
characters,sem_together_struct_split,42,1,239,183,,3,0.2343,3,U+34F9,㓹,"(same as 銳) a sharp-pointed weapon, acute; zealous; valiant, wound, minor injury",0.6530838433333334,"刀, 厂, 火"
characters,sem_together_struct_split,27,2,372,297,,29,0.2016,1,U+34EE,㓮,(same as 雕) to engrave; to carve; to tattoo,0.7465452,刀
characters,sem_together_struct_split,21,2,372,297,,29,0.2016,2,U+34F5,㓵,(same as 鍔) swords; a double-edged sword,0.5834157766666667,"一, 刀, 口"
characters,sem_together_struct_split,11,2,372,297,,29,0.2016,3,U+34FD,㓽,a kind of farm tool; iron spade; spade,0.5852728325000001,"刀, 宀, 山, 示"
characters,sem_together_struct_split,26,3,390,240,,36,0.3846,1,U+3486,㒆,(same as 歙) to gather the harvest; to gather together,0.5027755475,"一, 人, 口, 羽"
characters,sem_together_struct_split,9,3,390,240,,36,0.3846,2,U+3637,㘷,"(same as 艾) Mugwort, artemisia or any plant which produces moxa punk, general name for plants like mint",0.49217986999999996,"丿, 土, 艸"
characters,sem_together_struct_split,9,3,390,240,,36,0.3846,3,U+363A,㘺,"cultivated land; to till lands, a clod of earth",0.44867294,"人, 土, 戈"
characters,sem_together_struct_split,46,4,252,208,,27,0.1746,1,U+3431,㐱,"(same as 鬒) bushy, black hair",0.714386405,"人, 彡"
characters,sem_together_struct_split,46,4,252,208,,27,0.1746,2,U+3494,㒔,"to shake one's head, ugly, not in peace",0.64373672,"人, 网"
characters,sem_together_struct_split,17,4,252,208,,27,0.1746,3,U+34BE,㒾,a kind of wrapper used to cover over the face and head,0.5966257724999999,"乙, 二, 冂, 方"
characters,sem_together_struct_split,25,5,414,350,,27,0.1546,1,U+34B9,㒹,"(non-classical of 顛) to upset; to turn over, to fall, upside down",0.4495883,"一, 八, 十"
characters,sem_together_struct_split,6,5,414,350,,27,0.1546,2,U+34D4,㓔,(same as 謝) faded and fallen -- as blossoms; withered,0.61282553,"冫, 寸, 身"
characters,sem_together_struct_split,56,5,414,350,,27,0.1546,3,U+3543,㕃,to fall over; rolling on the ground,0.5132092233333333,"一, 厂, 廾"
characters,sem_together_struct_split,27,6,302,176,,29,0.4172,1,U+3CB6,㲶,(old translated form) chlorine (symbol Cl),0.48731342,"气, 鹵"
characters,sem_together_struct_split,26,6,302,176,,29,0.4172,2,U+3DCD,㷍,a chemical term; known formerly as benzene,0.31304556,"一, 人, 火"
characters,sem_together_struct_split,27,6,302,176,,29,0.4172,3,U+40A3,䂣,a kind of mineral,0.5644199466666667,"匕, 止, 石"
characters,sem_together_struct_split,34,7,293,219,,27,0.2526,1,U+3B70,㭰,"to know; to recognize, to hide; to conceal, (same as 嘴) beak (of a bird), stone probe",0.56468722,"匕, 木, 止"
characters,sem_together_struct_split,34,7,293,219,,27,0.2526,2,U+3B84,㮄,(non-classical form of 榜) publicly posted roll of successful examinees,0.4892774475,"二, 勹, 方, 木"
characters,sem_together_struct_split,42,7,293,219,,27,0.2526,3,U+3DE6,㷦,(non-classical form of 瞁) to open the eyes with astonishment,0.55843809,"火, 耳"
characters,sem_together_struct_split,6,8,427,298,,1,0.3021,1,U+34C8,㓈,sound of flying or speeding,0.54477456,"冫, 石"
characters,sem_together_struct_split,59,8,427,298,,1,0.3021,2,U+3569,㕩,"(non-classical form) sound of tapping; sound of striking, opposing voices",0.5499961449999999,"一, 丨, 二, 口"
characters,sem_together_struct_split,18,8,427,298,,1,0.3021,3,U+356D,㕭,"(same as 咬) to bark as a dog, obscene expressions, an interjection; implying surprise",0.6479817466666667,"丿, 口, 大"
characters,sem_together_struct_split,56,9,402,328,,27,0.1841,1,U+354C,㕌,"to raise the curtain, a kind of rock",0.542288705,"一, 厂, 寸, 日"
characters,sem_together_struct_split,10,9,402,328,,27,0.1841,2,U+3554,㕔,(non-classical form of 廳) a hall; a court; a lodge; a room,0.502621965,"丿, 厂, 士, 耳"
characters,sem_together_struct_split,9,9,402,328,,27,0.1841,3,U+3627,㘧,"(same as 序) precedence, order, orderly, the east and west walls of the parlor",0.61609441,"乙, 土"
characters,sem_together_struct_split,47,10,273,175,,12,0.359,1,U+3563,㕣,"a marsh at the foot of the hills, (interchangeable 湢 沇) name of a river",0.461514545,"八, 口"
characters,sem_together_struct_split,4,10,273,175,,12,0.359,2,U+3679,㙹,"a damp; a marsh, (interchangeable 夢)",0.6508258,"冖, 土, 夕"
characters,sem_together_struct_split,11,10,273,175,,12,0.359,3,U+37C1,㟁,(a variant of 岸) shore; bank; beach; coast,0.5266876133333334,"厂, 山, 干"
characters,sem_together_struct_split,46,11,176,94,,15,0.4659,1,U+3843,㡃,an artisan to soften raw silk by boiling and to dye the dressed silk,0.61392218,"人, 巾"
characters,sem_together_struct_split,53,11,176,94,,15,0.4659,2,U+3846,㡆,(same as U+3843 㡃) an artisan to soften raw silk by boiling and to dye the dressed silk,0.696379575,"亠, 巾"
characters,sem_together_struct_split,53,11,176,94,,15,0.4659,3,U+3BC2,㯂,pillar or post of a frame on which silkworms spin,0.47030780666666666,"冖, 巾, 木"
characters,sem_together_struct_split,49,12,395,330,,27,0.1646,1,U+3435,㐵,Confucianism; scholar,0.51139943,"二, 人"
characters,sem_together_struct_split,46,12,395,330,,27,0.1646,2,U+347C,㑼,name of a god,0.6240043325,"人, 口, 夂, 田"
characters,sem_together_struct_split,25,12,395,330,,27,0.1646,3,U+348B,㒋,"a servant; a menial, a woodcutter",0.53963586,"一, 人, 八, 斤"
characters,sem_together_struct_split,4,13,404,285,,3,0.2946,1,U+3434,㐴,"(non-classical of 攀) to drag down; to seize, to pull, to hold to",0.5824327499999999,"人, 夕"
characters,sem_together_struct_split,46,13,404,285,,3,0.2946,2,U+343C,㐼,(corrupted form of 拯) to save; to lift up,0.7065747366666666,"丿, 人, 廾"
characters,sem_together_struct_split,46,13,404,285,,3,0.2946,3,U+3443,㑃,"(same as 拗) to pull; to drag, to break off, to pluck, as a flower",0.62649868,"人, 力, 幺"
characters,sem_together_struct_split,26,14,381,316,,27,0.1706,1,U+3537,㔷,"(ancient form of 陋) to secrete; to hide, a kind of basket",0.6804570425,"一, 人, 冂, 匚"
characters,sem_together_struct_split,26,14,381,316,,27,0.1706,2,U+3549,㕉,to dig a hole; to tuck in; to put the finger into,0.5947876,"一, 人, 厂, 口"
characters,sem_together_struct_split,57,14,381,316,,27,0.1706,3,U+354A,㕊,"to slant; intricate; describe a writer's pen, lofty rocks; protruded rocks; resolute",0.5621809375,"丶, 十, 厂, 月"
characters,sem_together_struct_split,10,15,328,251,,27,0.2348,1,U+342B,㐫,"(same as 凶) cruel, unfortunate, sad",0.7175494033333333,"丿, 亠, 凵"
characters,sem_together_struct_split,13,15,328,251,,27,0.2348,2,U+3466,㑦,"anger; rage; angry, (same as 戾) recalcitrant; stubbornly persisting in doing something wrong; cruel; despotic",0.5416730624999999,"丶, 人, 尸, 犬"
characters,sem_together_struct_split,46,15,328,251,,27,0.2348,3,U+3467,㑧,"(corrupted form of 悸) perturbed, to throb, palpitation of the heart",0.5156907533333334,"人, 子, 禾"
characters,sem_together_struct_split,34,16,247,189,,27,0.2348,1,U+345B,㑛,to shake one's head,0.543035775,"人, 木"
characters,sem_together_struct_split,6,16,247,189,,27,0.2348,2,U+34CE,㓎,"cold, cold air, bitterly cold",0.68194443,冫
characters,sem_together_struct_split,9,16,247,189,,27,0.2348,3,U+34D0,㓐,"to rain, cold; wintry",0.6818709166666667,"儿, 冫, 土"
characters,sem_together_struct_split,27,17,257,210,,1,0.1829,1,U+34AB,㒫,(ancient form of 旡) choked and unable to breath,0.5949297,儿
characters,sem_together_struct_split,46,17,257,210,,1,0.1829,2,U+359E,㖞,(simplified form of 喎) a wry mouth,0.7192349433333334,"人, 冂, 口"
characters,sem_together_struct_split,21,17,257,210,,1,0.1829,3,U+35AD,㖭,(same as 舔) to lick; to taste; (Cant.) even; in addition,0.6219189399999999,"一, 丶, 口, 大, 小"
characters,sem_together_struct_split,26,18,399,343,,27,0.1404,1,U+3433,㐳,high and level on the top,0.6199982566666667,"一, 人, 儿"
characters,sem_together_struct_split,46,18,399,343,,27,0.1404,2,U+3439,㐹,"(standard form of 仡) strong; valiant, a minority ethnic group in China",0.532455225,"人, 气"
characters,sem_together_struct_split,46,18,399,343,,27,0.1404,3,U+3468,㑨,"great; big; tall; vast, noble; high in rank, very; much",0.5503929066666666,"人, 口, 矢"
characters,sem_together_struct_split,49,19,383,280,,27,0.2689,1,U+352E,㔮,a kind of animal which looks like a rat,0.673331334,"二, 人, 厶, 口, 廾"
characters,sem_together_struct_split,0,19,383,280,,27,0.2689,2,U+360E,㘎,(simplified form) the roars of a tiger,0.562746056,"乙, 口, 攴, 耳, 門"
characters,sem_together_struct_split,11,19,383,280,,27,0.2689,3,U+3621,㘡,(same as 柙) a pen for wild beasts; a cage for prisoners,0.5559258499999999,"囗, 田"
characters,sem_together_struct_split,25,20,733,610,,27,0.1678,1,U+3424,㐤,"to implore; to beseech, to seek after, to beg; to pray",0.524879085,"一, 乙, 八, 十"
characters,sem_together_struct_split,58,20,733,610,,27,0.1678,2,U+342E,㐮,"(same as 襄) to help; to assist, to achieve, to rise; to raise",0.6070815,"亠, 八"
characters,sem_together_struct_split,1,20,733,610,,27,0.1678,3,U+342F,㐯,"(ancient form of 庸) to employ; to use, to manifest",0.70476639,"亠, 口, 香"
characters,sem_together_struct_split,1,21,155,122,,27,0.2129,1,U+352F,㔯,"(same as 匴) a large basket for holding cooked rice, a kind of tray made of bamboo used in ancient time",0.508663325,"匚, 口"
characters,sem_together_struct_split,56,21,155,122,,27,0.2129,2,U+3667,㙧,(same as 塯) earthenware; a kind of rice container,0.5041880533333334,"一, 土, 田"
characters,sem_together_struct_split,53,21,155,122,,27,0.2129,3,U+3837,㠷,"a vessel for rice, mats on carriage",0.527274715,"又, 巾"
characters,sem_together_struct_split,27,22,222,153,,11,0.3108,1,U+3552,㕒,a lofty peak; a mountain peak,0.46000831,"厂, 戈"
characters,sem_together_struct_split,13,22,222,153,,11,0.3108,2,U+3597,㖗,(corrupted form) high ridges of cliffs,0.41809332499999996,"丶, 人, 口, 山"
characters,sem_together_struct_split,34,22,222,153,,11,0.3108,3,U+365E,㙞,a small mountain; a hill,0.5437113666666668,"土, 木, 自"
characters,sem_together_struct_split,51,23,344,194,,12,0.436,1,U+3561,㕡,"(same as U+58D1 壑) the bed of a torrent; a gully, a pool",0.51953697,"又, 谷"
characters,sem_together_struct_split,9,23,344,194,,12,0.436,2,U+363F,㘿,"(same as 涅) to fill up, as a hole, black mud; slime, to stop up; to block; to cork",0.6380110999999999,"土, 日"
characters,sem_together_struct_split,31,23,344,194,,12,0.436,3,U+364E,㙎,"breach of a tank; pond, (a dialect) to cover up; to conceal; to hide; to bury",0.5243489575,"一, 土, 女, 戈"
characters,sem_together_struct_split,17,24,144,103,,27,0.2847,1,U+3429,㐩,wine cups,0.4581224,二
characters,sem_together_struct_split,5,24,144,103,,27,0.2847,2,U+34C3,㓃,(standard form of U+8A6B 詫) to sacrifice by pouring out a libation of wine,0.5996744325,"丿, 乙, 冖, 言"
characters,sem_together_struct_split,34,24,144,103,,27,0.2847,3,U+3C02,㰂,a kind of tree; the juice of which is used to make wine,0.5144285625,"宀, 木, 田, 釆"
characters,sem_together_struct_split,27,25,356,191,,55,0.4635,1,U+3428,㐨,a kind of fish in legend (a record in old books),0.66347539,乙
characters,sem_together_struct_split,27,25,356,191,,55,0.4635,2,U+373F,㜿,name of a legendary fish; spawn; roe,0.5941748,"乙, 子"
characters,sem_together_struct_split,12,25,356,191,,55,0.4635,3,U+3D25,㴥,great billows; heavy seas rolling in,0.5378628566666667,"山, 月, 水"
characters,sem_together_struct_split,24,26,220,191,,27,0.1318,1,U+352D,㔭,"(same as 匙) a spoon, a key",0.553005515,"匕, 日"
characters,sem_together_struct_split,32,26,220,191,,27,0.1318,2,U+3536,㔶,"a small cup, a box; a chest, a granary, cover of a vessel",0.6333876528571428,"匚, 十, 夂, 工, 日, 立, 貝"
characters,sem_together_struct_split,1,26,220,191,,27,0.1318,3,U+353D,㔽,(non-classical form of 卣) a kind of wine pot or jar used in ancient time,0.4899717666666667,"卜, 口, 囗"
characters,sem_together_struct_split,4,27,379,292,,35,0.2296,1,U+3485,㒅,to unbind the collar,0.6268834499999999,"亠, 人, 夕"
characters,sem_together_struct_split,30,27,379,292,,35,0.2296,2,U+34A9,㒩,"(same as 梴 裸) naked, to strip; to unclothe",0.5261973333333333,"人, 彐, 虫"
characters,sem_together_struct_split,20,27,379,292,,35,0.2296,3,U+3692,㚒,concealed the stolen goods in one's dress,0.48471746,大
characters,sem_together_struct_split,46,28,592,516,,27,0.1284,1,U+3447,㑇,"clever, ingenious; cute; pretty",0.7332221,"人, 彐"
characters,sem_together_struct_split,36,28,592,516,,27,0.1284,2,U+3464,㑤,"(same as 媌) good looking, a prostitute",0.5425384433333332,"人, 田, 艸"
characters,sem_together_struct_split,46,28,592,516,,27,0.1284,3,U+347A,㑺,"(a variant of 俊) superior, handsome, refined, eminent",0.6972450800000001,"丿, 人, 隹"
characters,sem_together_struct_split,46,29,330,267,,32,0.1909,1,U+3438,㐸,"(non-classical form of 欠) to owe money, deficient, to yawn, last name",0.6034689550000001,"人, 欠"
characters,sem_together_struct_split,46,29,330,267,,32,0.1909,2,U+3458,㑘,"(same as 价) a servant, a middle-man, good, great; (a simplified form) price; value",0.5981435966666666,"人, 廾, 戈"
characters,sem_together_struct_split,12,29,330,267,,32,0.1909,3,U+3491,㒑,"grow up, commodity prices",0.5216897125000001,"人, 匚, 水, 隹"
characters,sem_together_struct_split,13,30,148,80,,27,0.4595,1,U+4E36,丶,dot; Kangxi radical 3,0.59572434,丶
characters,sem_together_struct_split,10,30,148,80,,27,0.4595,2,U+4E3F,丿,line; Kangxi radical 4,0.57003784,丿
characters,sem_together_struct_split,56,30,148,80,,27,0.4595,3,U+4EA0,亠,head; Kangxi radical 8,0.5172613,"一, 丶"
characters,sem_together_struct_split,26,31,388,314,,27,0.1907,1,U+3487,㒇,"(same as 憮) to skip about; to dance for joy; to soothe, slow, disappointed",0.561924735,"一, 人, 十, 火"
characters,sem_together_struct_split,46,31,388,314,,27,0.1907,2,U+3493,㒓,"to escape; to abscond; to flee, (interchangeable 達)",0.62302193,"人, 辵"
characters,sem_together_struct_split,9,31,388,314,,27,0.1907,3,U+3644,㙄,"below; under; low, (same as 陛) the steps to the throne, to ascend steps",0.48577707999999997,"土, 比"
characters,sem_together_struct_split,1,32,268,231,,27,0.1381,1,U+3416,㐖,"㐖毒, an old name for India",0.6027176166666667,"乙, 口, 士"
characters,sem_together_struct_split,46,32,268,231,,27,0.1381,2,U+3432,㐲,name of an island,0.63007188,"人, 大"
characters,sem_together_struct_split,46,32,268,231,,27,0.1381,3,U+343B,㐻,name of a person,0.80417052,"人, 冂"
characters,sem_together_struct_split,24,33,693,597,,27,0.1385,1,U+3520,㔠,"industry, sound of making strenuous efforts",0.55292213,"人, 力, 勹, 日"
characters,sem_together_struct_split,2,33,693,597,,27,0.1385,2,U+3B62,㭢,"mechanics, opportunity, urgent",0.6216313075,"一, 刀, 廾, 木"
characters,sem_together_struct_split,56,33,693,597,,27,0.1385,3,U+4E1A,业,"profession, business; GB radical 111",0.51926446,一
characters,sem_together_struct_split,46,34,330,272,,27,0.1758,1,U+348C,㒌,(ancient form of 煢) along; desolate; orphaned,0.5923163549999999,"人, 几"
characters,sem_together_struct_split,46,34,330,272,,27,0.1758,2,U+3495,㒕,unyield,0.651416315,"亠, 人, 幺, 隹"
characters,sem_together_struct_split,46,34,330,272,,27,0.1758,3,U+349B,㒛,to stand alone; independent,0.59151173,"人, 羽, 隹"
characters,sem_together_struct_split,31,35,202,94,,50,0.5347,1,U+385E,㡞,"a sack used to feed the horses, an old family name",0.48830447,"女, 巾"
characters,sem_together_struct_split,9,35,202,94,,50,0.5347,2,U+3B55,㭕,a board (on the back of a donkey) for carrying things; saddle,0.5421240733333333,"厶, 土, 木"
characters,sem_together_struct_split,34,35,202,94,,50,0.5347,3,U+3B72,㭲,"(same as 极) a wooden frame (on the back of a donkey) for carrying things, (simplified form of 極) to exhaust, extreme; highest; topmost",0.52892342,"木, 谷"
characters,sem_together_struct_split,42,36,346,282,,27,0.185,1,U+3484,㒄,"brittle and friable, fear; dread; fright; scare",0.569190935,"人, 冫, 火, 犬"
characters,sem_together_struct_split,34,36,346,282,,27,0.185,2,U+3489,㒉,(same as 惝) alarmed; agitated,0.54107529,"人, 木"
characters,sem_together_struct_split,21,36,346,282,,27,0.185,3,U+3576,㕶,"(Cant.) an expletive, exclamation",0.61081624,"一, 口"
characters,sem_together_struct_split,27,37,221,113,,23,0.4887,1,U+3533,㔳,"(ancient form of 簋) a square basket of bamboo for holding grain used at sacrifices, feasts, etc.",0.5365383,"几, 匚, 食"
characters,sem_together_struct_split,3,37,221,113,,23,0.4887,2,U+3A27,㨧,wooden stick or bamboo cane (shaped segment of a circle) used to support the covering of a carriage in ancient times,0.40252036,"厶, 大, 手, 田"
characters,sem_together_struct_split,34,37,221,113,,23,0.4887,3,U+3BEB,㯫,a wattle or bamboo fence,0.6482563966666667,"木, 虍, 豕"
characters,sem_together_struct_split,34,38,302,221,,36,0.2682,1,U+3BDD,㯝,paulownia,0.5536155675,"口, 夂, 木, 足"
characters,sem_together_struct_split,34,38,302,221,,36,0.2682,2,U+3C16,㰖,(same as 欖) the olive,0.516731225,"丶, 木, 臣, 見"
characters,sem_together_struct_split,2,38,302,221,,36,0.2682,3,U+3FB4,㾴,the erythema of acne rosacea,0.5106578566666666,"一, 木, 疒"
characters,sem_together_struct_split,38,39,206,109,,42,0.4709,1,U+3871,㡱,(same as 灸) (in Chinese medicine) to cauterize by burning moxa; moxa cautery; moxibustion,0.53724065,"丿, 广"
characters,sem_together_struct_split,9,39,206,109,,42,0.4709,2,U+397A,㥺,(same as 熆) to blow a fire,0.6762558075,"厶, 土, 心, 皿"
characters,sem_together_struct_split,24,39,206,109,,42,0.4709,3,U+3B04,㬄,"warm and damp (moist; humid), a little warm",0.55995023,日
characters,sem_together_struct_split,1,40,155,57,,33,0.6323,1,U+3546,㕆,fine stone; fine jade,0.43213497666666667,"十, 厂, 口"
characters,sem_together_struct_split,53,40,155,57,,33,0.6323,2,U+3EB0,㺰,(same as 瑡) a kind of jade,0.6173414966666666,"一, 巾, 玉"
characters,sem_together_struct_split,46,40,155,57,,33,0.6323,3,U+3EB1,㺱,a kind of jade,0.6385623233333334,"丿, 人, 玉"
characters,sem_together_struct_split,27,41,278,145,,34,0.4784,1,U+373D,㜽,"(ancient form of 子) child, seed, 1st terrestrial branch",0.59004238,"子, 巛"
characters,sem_together_struct_split,24,41,278,145,,34,0.4784,2,U+3B7A,㭺,"the cherry-apple, a kind of tree",0.54016839,"乙, 大, 日, 木"
characters,sem_together_struct_split,31,41,278,145,,34,0.4784,3,U+3B83,㮃,"farm tool, (same as 桵) a kind of tree",0.5206921466666666,"女, 木, 禾"
characters,sem_together_struct_split,25,42,571,483,,5,0.1541,1,U+341C,㐜,"(same as 仇) an enemy, enmity, hatred, to hate, a rival, a match",0.653694438,"一, 丶, 乙, 亅, 八"
characters,sem_together_struct_split,50,42,571,483,,5,0.1541,2,U+3437,㐷,"a kind of punishment in Han Dynasty, name of chessmen in Chinese chess game (simplified form, a variant 罵) to curse; to revile; to abuse, to scold",0.564056965,"人, 馬"
characters,sem_together_struct_split,46,42,571,483,,5,0.1541,3,U+3444,㑄,"(ancient form of 侮) to insult, to ridicule",0.58538568,"人, 毋"
characters,sem_together_struct_split,47,43,425,368,,27,0.1341,1,U+35AB,㖫,(sound transcription) used in names for minority ethnic group in ancient China,0.5379786875,"八, 口, 土, 夂"
characters,sem_together_struct_split,9,43,425,368,,27,0.1341,2,U+3635,㘵,name of a place; in Fujian Province,0.6580871049999999,"土, 巾"
characters,sem_together_struct_split,9,43,425,368,,27,0.1341,3,U+3648,㙈,name of a place in Shanxi province,0.52854411,"几, 土, 虍"
characters,sem_together_struct_split,21,44,321,180,,22,0.4393,1,U+3590,㖐,sound of calling ducks,0.5683957733333332,"一, 丿, 口"
characters,sem_together_struct_split,13,44,321,180,,22,0.4393,2,U+35A1,㖡,the birds singing during the night; (Cant.) interjection to indicate the speaker is thinking,0.6131137279999999,"丶, 亠, 人, 口, 夂"
characters,sem_together_struct_split,1,44,321,180,,22,0.4393,3,U+35B7,㖷,"bird singing, (same as 啼) to cry; to mourn; to howl, to twitter; to crow",0.644994375,"口, 日"
characters,sem_together_struct_split,20,45,420,360,,27,0.1429,1,U+3421,㐡,(same as 懦) weak; timid; imbecile,0.6479557133333333,"乙, 大, 而"
characters,sem_together_struct_split,26,45,420,360,,27,0.1429,2,U+3448,㑈,"(simplified form) rude; barbarous, stupid; dull, last name",0.5871905049999999,"一, 人"
characters,sem_together_struct_split,46,45,420,360,,27,0.1429,3,U+344B,㑋,"small, poor, submit to the dominion of; slow; late",0.609877255,"人, 曰"
characters,sem_together_struct_split,34,46,430,343,,15,0.2023,1,U+3471,㑱,"a kind of monkey, fingering for an ancient string instrument",0.6254202133333333,"人, 木, 矛"
characters,sem_together_struct_split,27,46,430,343,,15,0.2023,2,U+34E1,㓡,"(same as 弣) the middle part of a bow; the handle of a bow, try to dig and get something with a knife",0.593994825,"刀, 缶"
characters,sem_together_struct_split,51,46,430,343,,15,0.2023,3,U+361D,㘝,"to take in; to absorb, (non-classical form of 罱) a kind of spring fishing net; a kind of small net with a handle used to catch fishes or birds",0.5003578049999999,"又, 囗"
characters,sem_together_struct_split,46,47,846,732,,27,0.1348,1,U+343A,㐺,"(standard form of 眾) all; the whole of; a multitude, a crowd (three or more)",0.6378839,人
characters,sem_together_struct_split,46,47,846,732,,27,0.1348,2,U+3441,㑁,(same as U+20B74 𠭴) short; of short stature,0.6815515333333334,"人, 凵, 屮"
characters,sem_together_struct_split,46,47,846,732,,27,0.1348,3,U+3449,㑉,cannot straighten up,0.6139285566666667,"人, 几, 歹"
characters,sem_together_struct_split,1,48,235,200,,27,0.1489,1,U+342D,㐭,"(same as 廩) a granary, to supply (foodstuff), to stockpile",0.5679718066666667,"亠, 口, 囗"
characters,sem_together_struct_split,13,48,235,200,,27,0.1489,2,U+34E7,㓧,agricultural implements,0.5528925675,"丶, 人, 刀, 口"
characters,sem_together_struct_split,46,48,235,200,,27,0.1489,3,U+3531,㔱,"(same as 庾) a stack of grain, a measure of 16 dǒu",0.5605822033333333,"人, 匚, 臼"
characters,sem_together_struct_split,52,49,313,269,,12,0.1406,1,U+34C5,㓅,frozen; cold,0.6152332066666667,"一, 亅, 冫"
characters,sem_together_struct_split,6,49,313,269,,12,0.1406,2,U+34C9,㓉,"ice; icicles, cold; frost, crystallized",0.53270257,"冫, 舌"
characters,sem_together_struct_split,6,49,313,269,,12,0.1406,3,U+34D3,㓓,thin ice,0.5763333,"冂, 冫, 十"
characters,sem_together_struct_split,9,50,379,300,,24,0.2084,1,U+3660,㙠,"dust; dirt; a smear, (same as 曀) the sun hidden by clouds, obscure",0.5607444575,"匚, 土, 殳, 矢"
characters,sem_together_struct_split,9,50,379,300,,24,0.2084,2,U+366A,㙪,"dark; the sun hidden by clouds, obscure",0.5332761325,"冖, 土, 士, 豆"
characters,sem_together_struct_split,32,50,379,300,,24,0.2084,3,U+373A,㜺,"white color; no respect; imprudent; (Cant.) interesting, good",0.6141109066666667,"儿, 女, 貝"
characters,sem_together_struct_split,24,51,395,349,,27,0.1165,1,U+34ED,㓭,(same as U+97A8 鞨) to make ready the leather for shoes,0.6178248525,"人, 刀, 勹, 日"
characters,sem_together_struct_split,42,51,395,349,,27,0.1165,2,U+3550,㕐,"inclined; slanting, to upset; to be overthrown, to collapse, to fall flat",0.45172161,"勹, 厂, 火, 臼"
characters,sem_together_struct_split,39,51,395,349,,27,0.1165,3,U+355A,㕚,"(ancient form of 爪) claws of birds or animals, feet, to scratch, to claw, to grasp",0.5784114899999999,"丶, 又"
characters,sem_together_struct_split,28,52,398,330,,27,0.1709,1,U+34CB,㓋,to freeze; to congeal; to curdle,0.5900019120000001,"一, 丨, 八, 冫, 十"
characters,sem_together_struct_split,1,52,398,330,,27,0.1709,2,U+34E0,㓠,"(same as 玷) a flaw; a defect, to cut with a sword; to chop",0.5916553766666667,"刀, 卜, 口"
characters,sem_together_struct_split,1,52,398,330,,27,0.1709,3,U+34E2,㓢,to cut the flesh from the bones; to scrape off; to pick out; to get rid of,0.61596352,"刀, 口, 夂"
characters,sem_together_struct_split,56,53,703,632,,27,0.101,1,U+3400,㐀,(same as U+4E18 丘) hillock or mound,0.53586629,"一, 卜"
characters,sem_together_struct_split,46,53,703,632,,27,0.101,2,U+34AA,㒪,(ancient form of 錫) tin; pewter,0.5557439233333333,"人, 止, 豕"
characters,sem_together_struct_split,49,53,703,632,,27,0.101,3,U+34BD,㒽,a kind of cap for children,0.6638888460000001,"二, 人, 八, 冂, 卩"
characters,sem_together_struct_split,38,54,368,303,,27,0.1766,1,U+35A2,㖢,(same as 飺) to reject food,0.498303435,"匕, 口, 广, 止"
characters,sem_together_struct_split,57,54,368,303,,27,0.1766,2,U+35D8,㗘,to bite the hard and solid food,0.526255192,"丶, 十, 口, 寸, 月"
characters,sem_together_struct_split,9,54,368,303,,27,0.1766,3,U+3661,㙡,a kind of edible mushroom,0.55187685,"人, 土, 彳, 止"
characters,sem_together_struct_split,28,55,154,117,,27,0.2403,1,U+3535,㔵,a kind of vessel,0.6617392099999999,"一, 丨, 八, 匚, 十, 己"
characters,sem_together_struct_split,1,55,154,117,,27,0.2403,2,U+3578,㕸,sound of rolling a boat,0.60697016,"口, 立"
characters,sem_together_struct_split,34,55,154,117,,27,0.2403,3,U+3693,㚓,tie-beams of a small boat,0.5775943400000001,"大, 木"
characters,sem_together_struct_split,46,56,306,233,,27,0.2386,1,U+344A,㑊,a kind of disease,0.71090752,"亠, 人"
characters,sem_together_struct_split,31,56,306,233,,27,0.2386,2,U+3782,㞂,"ulcers, swollen feet, a kind of disease",0.5975937433333333,"女, 尢, 爪"
characters,sem_together_struct_split,56,56,306,233,,27,0.2386,3,U+3787,㞇,"ulcers, swollen feet, a kind of disease (abnormal in walking)",0.5234212875,"一, 丿, 尢, 田"
characters,sem_together_struct_split,46,57,369,275,,31,0.2547,1,U+3457,㑗,"a god, pregnant",0.614978315,"人, 身"
characters,sem_together_struct_split,42,57,369,275,,31,0.2547,2,U+345E,㑞,"(same as 媵) (in old time) a maid who accompanies a bride to her new home; to escort, a concubine",0.5725487366666666,"人, 廾, 火"
characters,sem_together_struct_split,1,57,369,275,,31,0.2547,3,U+34AD,㒭,(same as 昆) an elder brother,0.5871917600000001,"儿, 口"
characters,sem_together_struct_split,16,58,343,204,,30,0.4052,1,U+3559,㕙,a wily rabbit; a cunning hare,0.6184014449999999,"丶, 八, 厶, 夂"
characters,sem_together_struct_split,5,58,343,204,,30,0.4052,2,U+361C,㘜,"(non-classical form of 雔) a kind of silkworm, pair of birds; couple; companion; to match, corresponding, proper",0.6272695833333334,"口, 言, 隹"
characters,sem_together_struct_split,3,58,343,204,,30,0.4052,3,U+3742,㝂,"locust, larva of Chilo simplex; a kind of moth",0.33349046999999993,"子, 手, 斤"
characters,sem_together_struct_split,42,59,172,129,,27,0.25,1,U+3723,㜣,"a last name, carriage; deportment; bearing; poise (of a woman)",0.584818675,"冫, 女, 火, 犬"
characters,sem_together_struct_split,24,59,172,129,,27,0.25,2,U+3AC0,㫀,"huge tripod of bronze with two ears; heavy three-legged caldron or sacrificial vessel regarded as a type of imperial power, the Empire, a kind of cooking utensil used in ancient times",0.526264595,"斤, 日"
characters,sem_together_struct_split,58,59,172,129,,27,0.25,3,U+423F,䈿,belt of the canvas top on vehicles,0.48092157999999996,"亠, 八, 冖, 日, 竹"
