node_id,node_type,symbol,codepoint,kangxi_radical,kangxi_radical_number,in_largest_component,degree,degree_centrality,betweenness_centrality,closeness_centrality,eigenvector_centrality,pagerank
rad:1:一,radical,一,,一,1,1,4558,0.1650193693204446,0.18117120199659673,0.3751392322529816,0.4791087567481588,0.024354995118178593
rad:6:亅,radical,亅,,亅,6,1,486,0.01759530791788856,0.0026508699661082834,0.33448392800910787,0.04713233790156847,0.0024994678355377397
rad:5:乙,radical,乙,,乙,5,1,818,0.029615147894717784,0.01941352396029405,0.3394002703699152,0.02434859559895798,0.004706845563630994
rad:2:丨,radical,丨,,丨,2,1,1106,0.040041997031244336,0.016150375046750362,0.3417015169137116,0.10257423306399285,0.005600761109786675
rad:4:丿,radical,丿,,丿,4,1,1791,0.06484196806777451,0.05414564132859402,0.3481017444791772,0.07640871535476756,0.009799857954510379
rad:7:二,radical,二,,二,7,1,798,0.028891061149125662,0.011506788141612758,0.3380955878752265,0.04710762955777312,0.004169985852256476
rad:25:卜,radical,卜,,卜,25,1,306,0.011078527207559464,0.002496808550416174,0.328367259583373,0.015534278190329,0.0017059112318921752
rad:18:刀,radical,刀,,刀,18,1,787,0.028492813439049997,0.015234029546236805,0.339383586895077,0.03746743210707404,0.004400558111650893
rad:55:廾,radical,廾,,廾,55,1,397,0.01437312190000362,0.004177840876723581,0.3317995050099719,0.02037499495117828,0.002144351833602589
rad:13:冂,radical,冂,,冂,13,1,578,0.020926106947612322,0.007352788389483901,0.3349301445619482,0.03148466192094732,0.0031392807759885438
rad:9:人,radical,人,,人,9,1,2803,0.10148075739473589,0.09940432302291054,0.3582250239966794,0.17994878841187711,0.015460282722614314
rad:85:水,radical,水,,水,85,1,1609,0.058252778682886204,0.053725415673702204,0.3473923872298674,0.059587872436024474,0.009421734098918465
rad:96:玉,radical,玉,,玉,96,1,640,0.0231707758589479,0.014998063564081668,0.3382529456433873,0.017709344908801335,0.003845341850310605
rad:28:厶,radical,厶,,厶,28,1,602,0.021795011042322867,0.009769854317802288,0.33597323600973233,0.015336188614939225,0.0033843451059916412
rad:21:匕,radical,匕,,匕,21,1,293,0.010607870822924586,0.0038374311897590757,0.3291186004385547,0.005658934540237457,0.0016846667972432374
rad:46:山,radical,山,,山,46,1,743,0.026899822598747326,0.018943499122502126,0.33923350939688,0.0241720405888677,0.004363596262517545
rad:32:土,radical,土,,土,32,1,1408,0.05097570688968538,0.043804151462202526,0.3454197518511107,0.047050016090292066,0.008151125424733813
rad:27:厂,radical,厂,,厂,27,1,366,0.01325078744433583,0.005551517673793905,0.3325346177001806,0.010091618345022523,0.0020238524148855326
rad:12:八,radical,八,,八,12,1,2062,0.07465334347054776,0.0533865298870301,0.35054071892770106,0.1506197543001378,0.01077997085382441
rad:30:口,radical,口,,口,30,1,4029,0.14586727489953294,0.16116182670796322,0.37004234108693324,0.35557137407522504,0.022058595889663277
rad:59:彡,radical,彡,,彡,59,1,248,0.008978675645342311,0.0028125641477897375,0.32845317666087864,0.005477560534749827,0.0014278114173611946
rad:3:丶,radical,丶,,丶,3,1,1348,0.04880344665290901,0.037675099307361855,0.34431727508477955,0.04443266376519341,0.007353378779451271
rad:8:亠,radical,亠,,亠,8,1,939,0.03399587270555012,0.01773004849877754,0.33935022486544936,0.04876280780377596,0.004983937392368194
rad:37:大,radical,大,,大,37,1,993,0.03595090691864885,0.021732286434347006,0.3404210733920075,0.046258370461684926,0.005537175592651801
rad:24:十,radical,十,,十,24,1,1235,0.044712356540313525,0.025865278833289887,0.3429405190612194,0.0768582668002037,0.006524343173106586
rad:115:禾,radical,禾,,禾,115,1,576,0.020853698273053112,0.011759898641421865,0.33716273959223536,0.014511518696434604,0.003364421822126977
rad:15:冫,radical,冫,,冫,15,1,229,0.008290793237029796,0.002765622020451999,0.3278526995583836,0.005165638750014773,0.0013202034674558176
rad:52:幺,radical,幺,,幺,52,1,110,0.00398247710075667,0.0006897801474505985,0.31321734791090144,0.001630957192083833,0.0006304849576592331
rad:68:斗,radical,斗,,斗,68,1,69,0.0024980992722928204,0.0007195361554132239,0.3012654085305989,0.001393682926127447,0.00045666765568451613
rad:102:田,radical,田,,田,102,1,863,0.03124434307230006,0.020991466353875117,0.3392585130951796,0.03491973322134639,0.005022386649341396
rad:19:力,radical,力,,力,19,1,369,0.013359400456174649,0.006037064630869456,0.3329194493333655,0.00964992244466355,0.0022131075258033056
rad:48:工,radical,工,,工,48,1,408,0.014771369610079287,0.007023474913829058,0.33263875505877816,0.014093099244981774,0.002325354812168162
rad:112:石,radical,石,,石,112,1,486,0.01759530791788856,0.010646127879170676,0.33657924243162873,0.014170429494806814,0.0029044139336967673
rad:26:卩,radical,卩,,卩,26,1,276,0.009992397089171282,0.0039027682594219683,0.32848443038275804,0.0063566162914792165,0.0016297158707033947
rad:135:舌,radical,舌,,舌,135,1,76,0.002751529633250063,0.0006028402593641541,0.3108552261317845,0.0009999880021630957,0.0005009928849051288
rad:76:欠,radical,欠,,欠,76,1,270,0.009775171065493646,0.0040718492764109495,0.3284922447426016,0.009923505285726004,0.0015715215847925297
rad:87:爪,radical,爪,,爪,87,1,344,0.012454292024184497,0.005024387281852945,0.32943267487355665,0.007146946186378129,0.0020062519615080864
rad:39:子,radical,子,,子,39,1,313,0.011331957568516708,0.004342434092016489,0.3284219288857177,0.008316213995982822,0.0018032788838408316
rad:64:手,radical,手,,手,64,1,1059,0.03834039317910285,0.030812382628127046,0.34249820175112233,0.03592151594405588,0.006230900796995971
rad:69:斤,radical,斤,,斤,69,1,228,0.00825458889975019,0.00287839308967965,0.32399108399812293,0.005167627780126592,0.0013686101319880005
rad:160:辛,radical,辛,,辛,160,1,124,0.0044893378226711555,0.0014173588898406264,0.31133181520979414,0.0012120457755819252,0.0008480236650958662
rad:74:月,radical,月,,月,74,1,701,0.025379240433003873,0.014589757033303095,0.3368995047210091,0.017948230258460502,0.003991519661130267
rad:42:小,radical,小,,小,42,1,355,0.012852539734260163,0.003794675040254339,0.33060789618598413,0.014203755411722599,0.001954101899850919
rad:80:毋,radical,毋,,毋,80,1,89,0.0032221860178849424,0.0007798127508154545,0.3093648482132855,0.0007881594444927584,0.0005924761964346992
rad:63:戶,radical,戶,,戶,63,1,11,0.000398247710075667,9.165497809739978e-06,0.22387684625237114,5.778527858675269e-05,7.67092672075592e-05
rad:70:方,radical,方,,方,70,1,244,0.008833858296223887,0.0030003764753873015,0.3282111618178361,0.005891818319603912,0.0014083392517531207
rad:125:老,radical,老,,老,125,1,180,0.0065167807103290966,0.0010457828463599542,0.3178459626185434,0.004502065143297383,0.0010504938079516576
rad:72:日,radical,日,,日,72,1,1933,0.06998298396147858,0.06325328404427166,0.35008746799178564,0.09181756147190408,0.010799282506630049
rad:120:糸,radical,糸,,糸,120,1,922,0.033380398971796815,0.02405818622858067,0.3404126811951484,0.029945518808597384,0.005383908785493545
rad:51:干,radical,干,,干,51,1,160,0.005792693964736975,0.0016663716271782434,0.31806560095821623,0.003029153197720609,0.000997652730560255
rad:119:米,radical,米,,米,119,1,388,0.014047282864487164,0.007760673344861203,0.335752668563231,0.008761239036018607,0.0023013128910781932
rad:136:舛,radical,舛,,舛,136,1,73,0.002642916621411245,0.0002785019604029591,0.3095104675662348,0.001301503505982157,0.0004294572401114262
rad:33:士,radical,士,,士,33,1,323,0.011694000941312769,0.0034743021256440775,0.3315684579551458,0.013980650238914321,0.0017501975882883271
rad:14:冖,radical,冖,,冖,14,1,635,0.022989754172549868,0.011586029633834469,0.3370639783240169,0.024650046545565137,0.003446479779143549
rad:151:豆,radical,豆,,豆,151,1,249,0.009014879982621918,0.0035121578554553764,0.32982611188076244,0.004656905193784414,0.001457428403783883
rad:58:彐,radical,彐,,彐,58,1,226,0.008182180225190978,0.002347814287189764,0.32528857479387513,0.007244812563458153,0.0012869884087482876
rad:77:止,radical,止,,止,77,1,330,0.01194743130227001,0.004142373231863743,0.33003895886612966,0.012516948034135344,0.0018701636610002985
rad:29:又,radical,又,,又,29,1,691,0.025017197060207812,0.01506272633791118,0.33682554395550784,0.014969368023608154,0.004048233070054006
rad:16:几,radical,几,,几,16,1,306,0.011078527207559464,0.004109253169126229,0.3312582463715965,0.005980359954646763,0.0017579889890967624
rad:88:父,radical,父,,父,88,1,75,0.002715325295970457,0.0002583068134401263,0.30697152257519505,0.0011336516077688115,0.0004400468551348033
rad:117:立,radical,立,,立,117,1,281,0.010173418775569312,0.0038632721460000446,0.3313059334437007,0.00772913636297591,0.0016485598646455138
rad:75:木,radical,木,,木,75,1,2318,0.08392165381412693,0.0876972510390514,0.3539007637500641,0.09530300866778811,0.01373998847239042
rad:31:囗,radical,囗,,囗,31,1,383,0.013866261178089133,0.004484243976444535,0.3315684579551458,0.019055195841375556,0.002107683179691715
rad:41:寸,radical,寸,,寸,41,1,442,0.016002317077585895,0.006688758232796651,0.33206281262023857,0.017101490053685303,0.0024520733579742144
rad:20:勹,radical,勹,,勹,20,1,661,0.023931066941819627,0.011440618580977748,0.3368830661884896,0.022648819395357744,0.0036207335696923242
rad:56:弋,radical,弋,,弋,56,1,86,0.0031135730060461242,0.00042011747738292726,0.29898882729949766,0.002758918696749756,0.0005076737649125008
rad:169:門,radical,門,,門,169,1,355,0.012852539734260163,0.005308984169621447,0.32962927597813374,0.009726041418429136,0.002134790178351928
rad:81:比,radical,比,,比,81,1,150,0.005430650591940914,0.0012204198473200775,0.3183662647269038,0.0019401484435215474,0.0009218922478424635
rad:93:牛,radical,牛,,牛,93,1,198,0.007168458781362006,0.002754955012026495,0.3288677717443079,0.005257594989295188,0.001171566129845126
rad:22:匚,radical,匚,,匚,22,1,256,0.00926831034357916,0.002488955017674173,0.3275183226204312,0.007597411297755998,0.0014553641962793823
rad:50:巾,radical,巾,,巾,50,1,500,0.018102168639803046,0.007562289276356569,0.33588334022524385,0.02050842213355418,0.0028018819430895917
rad:57:弓,radical,弓,,弓,57,1,268,0.009702762390934433,0.0037518127457110543,0.3290323349298258,0.007521250748298955,0.0015637702724511408
rad:79:殳,radical,殳,,殳,79,1,189,0.006842619745845551,0.0025077877710332165,0.32119513386522763,0.003077554757352413,0.0011495652079742734
rad:61:心,radical,心,,心,61,1,1160,0.04199703124434307,0.03249389773568045,0.343247408585846,0.03921214911328501,0.006683176202237884
rad:65:支,radical,支,,支,65,1,48,0.0017378081894210925,0.00028332883594683975,0.29876241372595685,0.0006265686893281472,0.0003251635995024134
rad:94:犬,radical,犬,,犬,94,1,451,0.016328156113102347,0.008958626222369833,0.33585883154156737,0.011926174942935802,0.0026282000090730165
rad:62:戈,radical,戈,,戈,62,1,527,0.019079685746352413,0.009269931596396273,0.33460550547639817,0.02643409036402294,0.003078971928223709
rad:43:尢,radical,尢,,尢,43,1,80,0.0028963469823684875,0.0003589883475524223,0.31432246022171134,0.002073226134524555,0.0004461919216323989
rad:86:火,radical,火,,火,86,1,943,0.03414069005466855,0.026530397032313514,0.341321435633775,0.028806300972116828,0.005620411800955146
rad:178:韋,radical,韋,,韋,178,1,93,0.003367003367003367,0.0008097921521944592,0.31303273485672833,0.0016573431530630231,0.000600798836789814
rad:159:車,radical,車,,車,159,1,450,0.016291951775822742,0.00886343831973154,0.3356139412794089,0.01043049602888449,0.002693569181986028
rad:92:牙,radical,牙,,牙,92,1,48,0.0017378081894210925,0.0003395725223920214,0.27226570972257824,0.00027400768448497737,0.0003387232841150752
rad:147:見,radical,見,,見,147,1,197,0.0071322544440824,0.002858936783521262,0.32577973859293163,0.0048888119292305205,0.0012104870538717628
rad:168:長,radical,長,,長,168,1,38,0.0013757648166250315,0.0002133177859535221,0.2615196681881025,0.00022753537551793894,0.00027041848377267185
rad:67:文,radical,文,,文,67,1,92,0.0033307990297237605,0.0006919127128284166,0.31164097587397593,0.0014675592098974577,0.000576816565807831
rad:40:宀,radical,宀,,宀,40,1,687,0.024872379711089385,0.014721164268881343,0.33731099005789383,0.02552073362249152,0.003907145889710246
rad:44:尸,radical,尸,,尸,44,1,475,0.017197060207812895,0.007731833598196912,0.3333614987204867,0.016447116722847727,0.002651656576650715
rad:95:玄,radical,玄,,玄,95,1,56,0.002027442887657941,0.00033161142821455463,0.3022479534211793,0.0008008047391914714,0.0003613101635158094
rad:38:女,radical,女,,女,38,1,990,0.035842293906810034,0.02769332444105024,0.34176917555627057,0.0333041850441601,0.005836402512423489
rad:106:白,radical,白,,白,106,1,463,0.01676260816045762,0.007527061097800747,0.3352554141983102,0.011395570162921323,0.002631877113783216
rad:10:儿,radical,儿,,儿,10,1,696,0.02519821874660584,0.012662083953113707,0.336603856373254,0.031174329176065788,0.0039404597249246085
rad:49:己,radical,己,,己,49,1,267,0.009666558053654828,0.00377041325391109,0.326952218591656,0.00796633118155161,0.0015749043069348363
rad:99:甘,radical,甘,,甘,99,1,54,0.0019550342130987292,0.00042820217403349153,0.2987107101910139,0.0009161712599200775,0.00036449942064446876
rad:107:皮,radical,皮,,皮,107,1,90,0.0032583903551645483,0.0009925292908059182,0.3187778470346515,0.0016262876487897588,0.0005742871082858928
rad:83:氏,radical,氏,,氏,83,1,150,0.005430650591940914,0.0010603437773755336,0.3187557710064635,0.001746419954808661,0.0009239655978094656
rad:113:示,radical,示,,示,113,1,361,0.0130697657579378,0.005823858349235273,0.3336031117124082,0.01603299470668299,0.0020718326196549086
rad:34:夂,radical,夂,,夂,34,1,525,0.0190072770717932,0.006540451565523392,0.33530425914234374,0.024207851266519094,0.0028196105367615724
rad:101:用,radical,用,,用,101,1,50,0.0018102168639803047,0.00014933082759844714,0.28836796491594446,0.0006572163099300117,0.0003046969283886646
rad:98:瓦,radical,瓦,,瓦,98,1,117,0.004235907461713913,0.0014063688384080896,0.31932335869389267,0.003531554079767851,0.0007152492399813078
rad:123:羊,radical,羊,,羊,123,1,177,0.006408167698490279,0.00202887765090456,0.32878163765803947,0.006785074283454604,0.0010319429903862364
rad:36:夕,radical,夕,,夕,36,1,200,0.007240867455921219,0.0022603155952273966,0.32485237725551086,0.0031813475227975476,0.0012100704692693826
rad:128:耳,radical,耳,,耳,128,1,302,0.01093370985844104,0.0043711975876773316,0.3302915779654125,0.007149204972852985,0.0018019026465132437
rad:138:艮,radical,艮,,艮,138,1,100,0.0036204337279606095,0.0006248293556437473,0.3100177364675243,0.0010522100256335945,0.0006175826781735551
rad:53:广,radical,广,,广,53,1,403,0.014590347923681257,0.007031159491655507,0.3336272922757254,0.015018451296438294,0.002293130334292717
rad:133:至,radical,至,,至,133,1,96,0.003475616378842185,0.0007218641435291979,0.3043128526093089,0.0014534900501922251,0.0006070802510808992
rad:78:歹,radical,歹,,歹,78,1,145,0.005249628905542884,0.001660635929590598,0.32327808212763964,0.0037612688479037285,0.0008613476984461926
rad:143:血,radical,血,,血,143,1,32,0.001158538792947395,0.00014360000193816108,0.2821343195145373,0.0005992029071798532,0.0002132255323694924
rad:129:聿,radical,聿,,聿,129,1,89,0.0032221860178849424,0.0007992547219813667,0.3002108879032959,0.0008170952038949203,0.0005929397672381627
rad:126:而,radical,而,,而,126,1,126,0.004561746497230368,0.0007530110350715097,0.3122258400036178,0.001058711293240639,0.0007642341814358756
rad:137:舟,radical,舟,,舟,137,1,159,0.005756489627457369,0.0019479975822186025,0.3272233939192872,0.00357325419583733,0.0009532155001178098
rad:145:衣,radical,衣,,衣,145,1,366,0.01325078744433583,0.007321700839586358,0.3340388988340026,0.010758879780898864,0.0022020096266177655
rad:154:貝,radical,貝,,貝,154,1,754,0.027298070308822996,0.017197378173840698,0.3385764025107885,0.019637351591322034,0.004440653162056344
rad:210:齊,radical,齊,,齊,210,1,48,0.0017378081894210925,0.00022861891690943064,0.2834606068070781,0.0003171838634906673,0.0003419653521763775
rad:111:矢,radical,矢,,矢,111,1,142,0.005141015893704065,0.0010332523423356192,0.3203382359764302,0.003029420816994734,0.0008321423777810988
rad:161:辰,radical,辰,,辰,161,1,92,0.0033307990297237605,0.0005816719412103911,0.30901177102448196,0.0011162169583012762,0.0005750787857220734
rad:54:廴,radical,廴,,廴,54,1,89,0.0032221860178849424,0.0004674028251400642,0.30603945035460994,0.001430360073248019,0.0005146631469322328
rad:157:足,radical,足,,足,157,1,376,0.013612830817131891,0.006935992068471367,0.3336353532424857,0.011922526885770068,0.0022168564337670094
rad:163:邑,radical,邑,,邑,163,1,319,0.011549183592194343,0.005212448905033442,0.33100414699043557,0.011230841838256764,0.0018665532805604687
rad:47:巛,radical,巛,,巛,47,1,152,0.005503059266500126,0.0009814016813490848,0.31799235445836405,0.005137489490759208,0.0008624299472915415
rad:150:谷,radical,谷,,谷,150,1,78,0.0028239383078092753,0.0006039623581768071,0.3195080753389791,0.000877948845661911,0.0004957202600214068
rad:166:里,radical,里,,里,166,1,138,0.004996198544585641,0.0011959286720286887,0.3158033161806747,0.0016236686494187798,0.0008616429059893693
rad:130:肉,radical,肉,,肉,130,1,628,0.022736323811592626,0.013703759376217147,0.3382860922609569,0.025595683479011838,0.0036280320735473473
rad:149:言,radical,言,,言,149,1,837,0.0303030303030303,0.02151715754807885,0.3392418435534591,0.025128994092365006,0.004955709333888178
rad:175:非,radical,非,,非,175,1,94,0.0034032077042829728,0.0007955926471468046,0.31311791383219956,0.0010168587039892118,0.0006174264934765052
rad:141:虍,radical,虍,,虍,141,1,255,0.009232106006299553,0.0027371927435225914,0.3282111618178361,0.006464958759395235,0.001438173832570065
rad:45:屮,radical,屮,,屮,45,1,162,0.005865102639296187,0.0013842682739474642,0.31893983138930593,0.007374485567381531,0.000868120029610372
rad:17:凵,radical,凵,,凵,17,1,191,0.006915028420404764,0.0014754471769435652,0.3252043051270578,0.004951999055095401,0.0010081313638700188
rad:172:隹,radical,隹,,隹,172,1,527,0.019079685746352413,0.009968703196901988,0.3346217224834004,0.010806366768874684,0.0030662814127722926
rad:103:疋,radical,疋,,疋,103,1,74,0.0026791209586908508,0.0003452039086527963,0.29963111641531953,0.0009072689139717318,0.0004587023350113941
rad:66:攴,radical,攴,,攴,66,1,460,0.016653995148618803,0.008021832812461691,0.3332327815048989,0.01637273495596499,0.0025990673219255032
rad:116:穴,radical,穴,,穴,116,1,234,0.008471814923427827,0.0033813891035499592,0.3319590355073683,0.004508655488478448,0.0013888859744031201
rad:134:臼,radical,臼,,臼,134,1,218,0.007892545526954129,0.002094720993270682,0.325587701303907,0.0034984272509763947,0.0012467182349226913
rad:181:頁,radical,頁,,頁,181,1,335,0.012128452988668041,0.006149526173693523,0.33008629550833074,0.009946246126150573,0.0020271618525593235
rad:140:艸,radical,艸,,艸,140,1,1726,0.06248868614460012,0.05765734892542559,0.34852347299343767,0.0676213837997442,0.009857867393618675
rad:114:禸,radical,禸,,禸,114,1,126,0.004561746497230368,0.0009382110694128995,0.31436539556061466,0.0021762210312933185,0.0007264469594944452
rad:182:風,radical,風,,風,182,1,112,0.004054885775315882,0.0013034357100714456,0.31533455126741267,0.002520769783911616,0.0007115525269141551
rad:109:目,radical,目,,目,109,1,504,0.018246985988921473,0.010345613236386669,0.33576899696048634,0.012760835236543583,0.0029866242841911682
rad:180:音,radical,音,,音,180,1,85,0.003077368668766518,0.0005527188780729128,0.31255800267095224,0.0014180411756202676,0.0005282236613507603
rad:164:酉,radical,酉,,酉,164,1,259,0.009376923355417979,0.0038082949324499678,0.3299364427028577,0.007776375156765743,0.0015279241694908174
rad:60:彳,radical,彳,,彳,60,1,267,0.009666558053654828,0.0034252582003549874,0.32988126806660456,0.010979934323985847,0.0015330595999107847
rad:176:面,radical,面,,面,176,1,37,0.0013395604793454254,0.00021909220811671835,0.2921630027717242,0.0005060962555974111,0.0002453420150923993
rad:194:鬼,radical,鬼,,鬼,194,1,85,0.003077368668766518,0.0007773420241094606,0.31461608566871724,0.001832810812946323,0.0005338790974857336
rad:187:馬,radical,馬,,馬,187,1,396,0.014336917562724013,0.00788955094667302,0.333966188598931,0.011468042349113602,0.0024010142674455556
rad:189:高,radical,高,,高,189,1,60,0.0021722602367763655,0.0003029591656682514,0.2964342449873342,0.0006582804102879306,0.00040052402962282614
rad:124:羽,radical,羽,,羽,124,1,277,0.010028601426450888,0.0035673691000698286,0.3310914496715101,0.009307382576366553,0.0015699125198356755
rad:121:缶,radical,缶,,缶,121,1,110,0.00398247710075667,0.0009046246981242222,0.3195080753389791,0.002379010392765286,0.0006519812910706259
rad:152:豕,radical,豕,,豕,152,1,202,0.007313276130480431,0.0018211668879641002,0.3283828775267539,0.006628825747556345,0.001127456565328517
rad:188:骨,radical,骨,,骨,188,1,103,0.0037290467397994276,0.0009781415440316458,0.320457182640984,0.00223203143333582,0.0006243611982365318
rad:73:曰,radical,曰,,曰,73,1,105,0.00380145541435864,0.0009753873129232289,0.31459458227963455,0.003043566943123901,0.0006298521462425698
rad:89:爻,radical,爻,,爻,89,1,89,0.0032221860178849424,0.0003423777210911294,0.30708757728061203,0.0053705901749840045,0.00048065674246220314
rad:165:釆,radical,釆,,釆,165,1,76,0.002751529633250063,0.00027393381337100853,0.3098021179215651,0.0009852451299047942,0.0004457947171698457
rad:162:辵,radical,辵,,辵,162,1,494,0.017884942616125412,0.00965210734855854,0.33541828604741547,0.01598658539325054,0.0028802597655010016
rad:122:网,radical,网,,网,122,1,405,0.014662756598240468,0.006799741043139974,0.3348245677844863,0.008257133228576342,0.0023573583877574355
rad:201:黃,radical,黃,,黃,201,1,73,0.002642916621411245,0.0004936255494708749,0.3083149128095206,0.0009721752682672662,0.00047041001185647017
rad:105:癶,radical,癶,,癶,105,1,90,0.0032583903551645483,0.0006004371414942957,0.3096631682813061,0.0022267925356266433,0.00053147573909331
rad:110:矛,radical,矛,,矛,110,1,114,0.004127294449875095,0.0005942589126805201,0.31723987410113264,0.00371790227990971,0.000646615286035542
rad:71:无,radical,无,,无,71,1,67,0.002425690597733608,0.0003749279902189255,0.30063573621301515,0.001175610346871051,0.00042729491472563095
rad:205:黽,radical,黽,,黽,205,1,36,0.0013033561420658195,0.0002958047353482047,0.2850404590867806,0.0009427496315363912,0.00024053211792166894
rad:173:雨,radical,雨,,雨,173,1,293,0.010607870822924586,0.004850887589766372,0.3332729949557116,0.0063021461025428984,0.0017004940064758685
rad:131:臣,radical,臣,,臣,131,1,130,0.004706563846348792,0.0008125749682011961,0.3159333745166678,0.0031443349107985936,0.0007306385825508523
rad:108:皿,radical,皿,,皿,108,1,297,0.01075268817204301,0.0034672391282890482,0.3305999808465811,0.008254998831955353,0.0016684944403907761
rad:198:鹿,radical,鹿,,鹿,198,1,115,0.004163498787154701,0.0012613884018657182,0.32152420425175215,0.0019442261290384386,0.0007532689521967745
rad:212:龍,radical,龍,,龍,212,1,79,0.0028601426450888816,0.0006394918663362325,0.3035702508408996,0.0012516185683513028,0.0005491775585971639
rad:203:黑,radical,黑,,黑,203,1,100,0.0036204337279606095,0.0011695674547387127,0.31635318105798527,0.002351899289014217,0.0006220884829718396
rad:82:毛,radical,毛,,毛,82,1,150,0.005430650591940914,0.0022372770522515726,0.32261342927900566,0.0031182046676306277,0.0009452775421394834
rad:11:入,radical,入,,入,11,1,27,0.0009775171065493646,0.0001894130960264369,0.2707761393050435,0.0002472272680960234,0.00019464207008397993
rad:167:金,radical,金,,金,167,1,1096,0.03967995365844828,0.03164080322096927,0.34248121233165507,0.0369923261104161,0.006535877382314035
rad:84:气,radical,气,,气,84,1,60,0.0021722602367763655,0.0003702439655082693,0.3016602949208083,0.001305215694004315,0.0003807701443227745
rad:100:生,radical,生,,生,100,1,73,0.002642916621411245,0.0005672231956426666,0.30427261910008374,0.0015616428476499028,0.00045134097788675285
rad:118:竹,radical,竹,,竹,118,1,596,0.021577785018645233,0.012968269390428793,0.3374181409441892,0.02218729087778388,0.003422159829207974
rad:209:鼻,radical,鼻,,鼻,209,1,30,0.0010861301183881828,0.0002065981548705313,0.2786050077678914,0.0009535359035237348,0.0001988738918639552
rad:200:麻,radical,麻,,麻,200,1,60,0.0021722602367763655,0.00037406793842232824,0.292107378575055,0.0006564543779890815,0.0003838388660678304
rad:142:虫,radical,虫,,虫,142,1,656,0.023750045255421598,0.01640886211643642,0.3386511342734519,0.019627690361798004,0.003913583385418947
rad:177:革,radical,革,,革,177,1,197,0.0071322544440824,0.0025670837919172158,0.32800066509893344,0.005962301891085724,0.0011704155665856301
rad:158:身,radical,身,,身,158,1,69,0.0024980992722928204,0.000485439613798045,0.3099829389844206,0.0016643128036055825,0.00042085726419976787
rad:90:爿,radical,爿,,爿,90,1,84,0.003041164331486912,0.0005106113040427058,0.300838779956427,0.0015259149207909033,0.0004858615604962515
rad:23:匸,radical,匸,,匸,23,0,1,3.6204337279606094e-05,0.0,0.0,0.0,3.6203026573021506e-05
rad:171:隶,radical,隶,,隶,171,1,33,0.0011947431302270011,0.00016088648384904514,0.2720672262284746,0.00026029470360118925,0.00021006543492806045
rad:97:瓜,radical,瓜,,瓜,97,1,59,0.0021360558994967596,0.0004375061456713108,0.30057029668487845,0.001203992400426914,0.00038281591478996383
rad:132:自,radical,自,,自,132,1,85,0.003077368668766518,0.0005897687139901414,0.3095590378191764,0.0020721086842232657,0.0005063020691571033
rad:144:行,radical,行,,行,144,1,20,0.0007240867455921219,4.277603061599427e-05,0.25493399796916827,0.0001503488471592518,0.00014641665256794243
rad:155:赤,radical,赤,,赤,155,1,36,0.0013033561420658195,0.0002717760475369167,0.2708292472443416,0.0005034583712451531,0.0002533198580271691
rad:148:角,radical,角,,角,148,1,104,0.003765251077079034,0.001161573479068956,0.3165707604484284,0.0023901907295825766,0.0006629666705779936
rad:156:走,radical,走,,走,156,1,136,0.004923789870026429,0.001752732749916388,0.3218764568764569,0.003034351690119112,0.0008481559469922339
rad:199:麥,radical,麥,,麥,199,1,53,0.0019188298758191229,0.0005027916459158421,0.2990924449835384,0.001214543460126159,0.0003364013044092341
rad:170:阜,radical,阜,,阜,170,1,322,0.011657796604033162,0.005065085296471188,0.3317596463408774,0.010566172816966231,0.0018780972823277022
rad:211:齒,radical,齒,,齒,211,1,86,0.0031135730060461242,0.0008047047377424087,0.2980723567758926,0.003170136052788816,0.000521756135197199
rad:184:食,radical,食,,食,184,1,271,0.009811375402773251,0.004310719947607546,0.32943267487355665,0.008302386787565523,0.0016202128743797966
rad:193:鬲,radical,鬲,,鬲,193,1,55,0.001991238550378335,0.0003700883739419013,0.29764830143128124,0.0004967615191865374,0.00035542484879182254
rad:195:魚,radical,魚,,魚,195,1,549,0.019876181166503745,0.011777359042434925,0.3359650616773315,0.016958590138954472,0.0032571511900428827
rad:185:首,radical,首,,首,185,1,14,0.0005068607219144853,2.030294831156185e-05,0.2519247610012406,0.0003737172761933914,9.271431793539725e-05
rad:197:鹵,radical,鹵,,鹵,197,1,25,0.0009051084319901524,9.06788302974848e-05,0.2796828161711091,0.0006910121072317833,0.00015971995539068264
rad:153:豸,radical,豸,,豸,153,1,64,0.00231707758589479,0.0005927519848556731,0.3072242246251057,0.0014648267053568185,0.0003935694122890309
rad:35:夊,radical,夊,,夊,35,0,1,3.6204337279606094e-05,0.0,0.0,0.0,3.6203026573021506e-05
rad:104:疒,radical,疒,,疒,104,1,343,0.01241808768690489,0.006443786354583,0.3339985003507244,0.009692206104649732,0.0020420126974875054
rad:179:韭,radical,韭,,韭,179,1,50,0.0018102168639803047,0.0003458454480370323,0.285908027413711,0.0012340334097926677,0.00030414712358192676
rad:196:鳥,radical,鳥,,鳥,196,1,539,0.019514137793707684,0.012238717642739483,0.3364398313963404,0.015932418077818228,0.0032374304998325112
rad:91:片,radical,片,,片,91,1,37,0.0013395604793454254,0.00032993048708065086,0.29771889351242964,0.00079078852156158,0.00023735929898124208
rad:208:鼠,radical,鼠,,鼠,208,1,38,0.0013757648166250315,0.00013838841310645237,0.2877790050642936,0.0006650510742414507,0.00023329029580714374
rad:139:色,radical,色,,色,139,1,28,0.0010137214438289705,9.612117159790004e-05,0.27151087341224583,0.0006481567256073644,0.00017359212649539042
rad:186:香,radical,香,,香,186,1,33,0.0011947431302270011,0.0002788091731568011,0.29246002329768084,0.0007862440892188317,0.00021011510096803613
rad:183:飛,radical,飛,,飛,183,1,9,0.00032583903551645487,0.00021964830403039886,0.2190226184056086,3.7788518451325157e-05,8.425641611893202e-05
rad:206:鼎,radical,鼎,,鼎,206,1,12,0.0004344520473552731,7.657452787145537e-06,0.2558124455806888,0.0001683933978064965,8.448645462857885e-05
rad:213:龜,radical,龜,,龜,213,1,10,0.00036204337279606094,0.00010150525465159191,0.22478064820693136,5.894114378420927e-05,8.08906759399725e-05
rad:127:耒,radical,耒,,耒,127,1,64,0.00231707758589479,0.00039849402550464673,0.304588066615198,0.0021406127548036858,0.0003860184093258958
rad:174:靑,radical,靑,,靑,174,1,1,3.6204337279606094e-05,0.0,0.20498337390891277,8.783532096523605e-06,1.5456578108118237e-05
rad:202:黍,radical,黍,,黍,202,1,16,0.0005792693964736975,2.384242553558475e-05,0.26806895614528936,0.000326193402950344,0.00010157427863492241
rad:214:龠,radical,龠,,龠,214,1,21,0.000760291082871728,3.6607836665123024e-05,0.25090852927281315,0.00012858065741738864,0.00014366704391204663
rad:192:鬯,radical,鬯,,鬯,192,1,5,0.00018102168639803047,1.4021311522727893e-07,0.2229046942597017,0.00011770649440808044,3.0687199407521656e-05
rad:207:鼓,radical,鼓,,鼓,207,1,20,0.0007240867455921219,0.00013162203650911647,0.2748944895684026,0.00042053190741912414,0.00013348581722019036
rad:146:襾,radical,襾,,襾,146,1,2,7.240867455921219e-05,7.241916211029443e-05,0.2058420166062937,9.324677736884332e-06,2.7877382503626406e-05
rad:190:髟,radical,髟,,髟,190,1,112,0.004054885775315882,0.0011115860869865405,0.3162445034811286,0.0032103076641580436,0.0006701595356989907
rad:191:鬥,radical,鬥,,鬥,191,1,11,0.000398247710075667,0.00014956970262391636,0.24154247131262244,0.0001724877799379229,8.048449279016913e-05
rad:204:黹,radical,黹,,黹,204,1,3,0.00010861301183881828,1.6493251748786444e-07,0.21934269466594655,5.702238906708443e-05,2.3121976071755414e-05
