row_id,kangxi_radical,kangxi_radical_number,cluster_kmeans,cluster_agglomerative,k,space
0,一,1,2,0,3,semantic
1,丨,2,1,0,3,semantic
2,丶,3,1,0,3,semantic
3,丿,4,1,0,3,semantic
4,乙,5,1,0,3,semantic
5,亅,6,1,0,3,semantic
6,二,7,1,0,3,semantic
7,亠,8,1,0,3,semantic
8,人,9,0,0,3,semantic
9,儿,10,2,0,3,semantic
10,入,11,1,0,3,semantic
11,八,12,1,0,3,semantic
12,冂,13,1,0,3,semantic
13,冖,14,1,0,3,semantic
14,冫,15,1,0,3,semantic
15,几,16,2,0,3,semantic
16,凵,17,1,0,3,semantic
17,刀,18,1,0,3,semantic
18,力,19,0,0,3,semantic
19,勹,20,1,0,3,semantic
20,匕,21,1,0,3,semantic
21,匚,22,1,0,3,semantic
22,匸,23,1,0,3,semantic
23,十,24,1,0,3,semantic
24,卜,25,0,0,3,semantic
25,卩,26,1,0,3,semantic
26,厂,27,2,0,3,semantic
27,厶,28,0,0,3,semantic
28,又,29,1,0,3,semantic
29,口,30,1,0,3,semantic
30,囗,31,1,0,3,semantic
31,土,32,0,0,3,semantic
32,士,33,0,0,3,semantic
33,夂,34,1,0,3,semantic
34,夊,35,1,0,3,semantic
35,夕,36,0,0,3,semantic
36,大,37,1,0,3,semantic
37,女,38,0,0,3,semantic
38,子,39,0,0,3,semantic
39,宀,40,0,0,3,semantic
40,寸,41,1,0,3,semantic
41,小,42,1,0,3,semantic
42,尢,43,1,0,3,semantic
43,尸,44,2,0,3,semantic
44,屮,45,1,0,3,semantic
45,山,46,0,0,3,semantic
46,巛,47,0,0,3,semantic
47,工,48,1,0,3,semantic
48,己,49,0,0,3,semantic
49,巾,50,0,0,3,semantic
50,干,51,1,0,3,semantic
51,幺,52,1,0,3,semantic
52,广,53,2,0,3,semantic
53,廴,54,1,0,3,semantic
54,廾,55,0,0,3,semantic
55,弋,56,0,0,3,semantic
56,弓,57,1,0,3,semantic
57,彐,58,1,0,3,semantic
58,彡,59,1,0,3,semantic
59,彳,60,1,0,3,semantic
60,心,61,1,0,3,semantic
61,戈,62,2,0,3,semantic
62,戶,63,1,0,3,semantic
63,手,64,2,0,3,semantic
64,支,65,1,0,3,semantic
65,攴,66,0,0,3,semantic
66,文,67,2,0,3,semantic
67,斗,68,0,0,3,semantic
68,斤,69,1,0,3,semantic
69,方,70,2,0,3,semantic
70,无,71,1,0,3,semantic
71,日,72,0,0,3,semantic
72,曰,73,1,0,3,semantic
73,月,74,0,0,3,semantic
74,木,75,0,0,3,semantic
75,欠,76,1,0,3,semantic
76,止,77,1,0,3,semantic
77,歹,78,0,0,3,semantic
78,殳,79,0,0,3,semantic
79,毋,80,1,0,3,semantic
80,比,81,1,0,3,semantic
81,毛,82,1,0,3,semantic
82,氏,83,0,0,3,semantic
83,气,84,2,0,3,semantic
84,水,85,2,0,3,semantic
85,火,86,0,0,3,semantic
86,爪,87,2,0,3,semantic
87,父,88,0,0,3,semantic
88,爻,89,1,0,3,semantic
89,爿,90,1,0,3,semantic
90,片,91,1,0,3,semantic
91,牙,92,2,0,3,semantic
92,牛,93,2,2,3,semantic
93,犬,94,2,2,3,semantic
94,玄,95,0,0,3,semantic
95,玉,96,0,0,3,semantic
96,瓜,97,2,0,3,semantic
97,瓦,98,2,0,3,semantic
98,甘,99,1,0,3,semantic
99,生,100,0,0,3,semantic
100,用,101,1,0,3,semantic
101,田,102,0,0,3,semantic
102,疋,103,1,0,3,semantic
103,疒,104,0,0,3,semantic
104,癶,105,1,0,3,semantic
105,白,106,0,0,3,semantic
106,皮,107,0,0,3,semantic
107,皿,108,2,0,3,semantic
108,目,109,0,0,3,semantic
109,矛,110,2,0,3,semantic
110,矢,111,1,0,3,semantic
111,石,112,2,0,3,semantic
112,示,113,0,0,3,semantic
113,禸,114,1,0,3,semantic
114,禾,115,2,0,3,semantic
115,穴,116,2,0,3,semantic
116,立,117,1,0,3,semantic
117,竹,118,0,0,3,semantic
118,米,119,2,0,3,semantic
119,糸,120,2,0,3,semantic
120,缶,121,2,0,3,semantic
121,网,122,1,0,3,semantic
122,羊,123,2,2,3,semantic
123,羽,124,0,0,3,semantic
124,老,125,0,0,3,semantic
125,而,126,1,0,3,semantic
126,耒,127,2,0,3,semantic
127,耳,128,2,0,3,semantic
128,聿,129,2,0,3,semantic
129,肉,130,2,0,3,semantic
130,臣,131,0,0,3,semantic
131,自,132,0,0,3,semantic
132,至,133,1,0,3,semantic
133,臼,134,1,0,3,semantic
134,舌,135,2,0,3,semantic
135,舛,136,0,0,3,semantic
136,舟,137,2,0,3,semantic
137,艮,138,2,0,3,semantic
138,色,139,2,0,3,semantic
139,艸,140,1,0,3,semantic
140,虍,141,0,0,3,semantic
141,虫,142,2,0,3,semantic
142,血,143,2,0,3,semantic
143,行,144,1,0,3,semantic
144,衣,145,2,0,3,semantic
145,襾,146,0,0,3,semantic
146,見,147,2,0,3,semantic
147,角,148,2,0,3,semantic
148,言,149,1,0,3,semantic
149,谷,150,2,0,3,semantic
150,豆,151,2,0,3,semantic
151,豕,152,2,0,3,semantic
152,豸,153,1,0,3,semantic
153,貝,154,1,0,3,semantic
154,赤,155,1,0,3,semantic
155,走,156,1,0,3,semantic
156,足,157,2,0,3,semantic
157,身,158,0,0,3,semantic
158,車,159,1,0,3,semantic
159,辛,160,1,0,3,semantic
160,辰,161,0,0,3,semantic
161,辵,162,1,0,3,semantic
162,邑,163,0,0,3,semantic
163,酉,164,2,0,3,semantic
164,釆,165,2,0,3,semantic
165,里,166,0,0,3,semantic
166,金,167,2,1,3,semantic
167,長,168,1,0,3,semantic
168,門,169,1,0,3,semantic
169,阜,170,1,0,3,semantic
170,隶,171,2,0,3,semantic
171,隹,172,0,0,3,semantic
172,雨,173,2,0,3,semantic
173,靑,174,0,0,3,semantic
174,非,175,1,0,3,semantic
175,面,176,1,0,3,semantic
176,革,177,2,0,3,semantic
177,韋,178,2,0,3,semantic
178,韭,179,0,0,3,semantic
179,音,180,2,0,3,semantic
180,頁,181,2,0,3,semantic
181,風,182,0,0,3,semantic
182,飛,183,0,0,3,semantic
183,食,184,2,0,3,semantic
184,首,185,0,0,3,semantic
185,香,186,1,0,3,semantic
186,馬,187,2,0,3,semantic
187,骨,188,2,0,3,semantic
188,高,189,1,0,3,semantic
189,髟,190,0,0,3,semantic
190,鬥,191,0,0,3,semantic
191,鬯,192,2,0,3,semantic
192,鬲,193,1,0,3,semantic
193,鬼,194,0,0,3,semantic
194,魚,195,2,0,3,semantic
195,鳥,196,2,0,3,semantic
196,鹵,197,2,0,3,semantic
197,鹿,198,2,2,3,semantic
198,麥,199,2,0,3,semantic
199,麻,200,2,0,3,semantic
200,黃,201,1,0,3,semantic
201,黍,202,2,0,3,semantic
202,黑,203,0,0,3,semantic
203,黹,204,0,0,3,semantic
204,黽,205,0,0,3,semantic
205,鼎,206,0,0,3,semantic
206,鼓,207,2,0,3,semantic
207,鼠,208,2,0,3,semantic
208,鼻,209,1,0,3,semantic
209,齊,210,0,0,3,semantic
210,齒,211,1,0,3,semantic
211,龍,212,0,0,3,semantic
212,龜,213,0,0,3,semantic
213,龠,214,0,0,3,semantic
